"l","run","baby","a","this_entropy","this_meandist"
"1","1","54","6","5.32083638851248","3.65645583620356"
"1","1","196","9","5.30490405445593","3.37002772325084"
"1","1","204","6","5.52449615858353","3.31443206990893"
"1","1","274","3","4.77525193191254","3.30977916359943"
"1","1","300","6","5.25036306443967","3.26836482629702"
"1","1","340","3","5.15223221406795","3.31515331033349"
"1","1","344","9","4.71244678337316","3.1610667634754"
"1","1","437","18","5.28891563028908","3.07976771278343"
"1","1","833","18","5.26255302036046","2.79407346348526"
"1","1","857","3","5.16440688470092","3.23807150838705"
"1","2","54","6","5.33804930335825","3.62521787412267"
"1","2","196","9","5.23309905022664","3.41890244375355"
"1","2","204","6","5.6735163911522","3.26297157837026"
"1","2","274","3","4.70137563421779","3.18908686497269"
"1","2","300","6","4.90235943233517","3.01848796674633"
"1","2","340","3","5.08944011338457","3.50836062239144"
"1","2","344","9","4.83969244296099","3.07039098991714"
"1","2","437","18","5.33243094817841","3.06492815449386"
"1","2","833","18","5.21926902359432","2.91084272291344"
"1","2","857","3","5.31106636391215","3.09632813592991"
"1","3","54","6","5.37711609009499","3.57665832798895"
"1","3","196","9","5.37123219381581","3.37270542057885"
"1","3","204","6","5.63754535685186","3.3963710789461"
"1","3","274","3","4.66081195648261","3.35664097859967"
"1","3","300","6","5.19206434015206","3.30778601845235"
"1","3","340","3","5.14978339050672","3.34820827252835"
"1","3","344","9","4.94778289588871","3.38487241056354"
"1","3","437","18","5.19035163718433","2.83831176806457"
"1","3","833","18","5.38346460987144","3.03848248423273"
"1","3","857","3","5.16356903988652","2.96674094781179"
"1","4","54","6","5.23648256881158","3.60440011626219"
"1","4","196","9","5.11962067082733","3.53201239688774"
"1","4","204","6","5.51805721268656","3.38064049105876"
"1","4","274","3","4.49078782831363","3.08715711411196"
"1","4","300","6","4.9215356660521","3.47664653885801"
"1","4","340","3","5.07277101453964","3.45573230831362"
"1","4","344","9","4.63556464345795","3.08932252232389"
"1","4","437","18","5.29877804573222","3.18287277209394"
"1","4","833","18","5.02901968978923","2.92756874033477"
"1","4","857","3","5.04938728881708","3.21212717036585"
"1","5","54","6","5.42467821410735","3.67455044272237"
"1","5","196","9","5.45433273787574","3.32266450760364"
"1","5","204","6","5.68074857856349","3.3516581222204"
"1","5","274","3","4.4647195253366","2.99480775926313"
"1","5","300","6","4.8599331724481","3.41712604836685"
"1","5","340","3","5.09396679413916","3.63500476510716"
"1","5","344","9","4.72494271498417","2.67494073601746"
"1","5","437","18","5.32271348776216","3.17282651119849"
"1","5","833","18","5.37362911575399","2.87218159636956"
"1","5","857","3","5.16582703934704","3.36255179657268"
"1","6","54","6","5.18440444095091","3.61752973741864"
"1","6","196","9","5.43317452991597","3.13596345044443"
"1","6","204","6","5.6993097708297","3.47603013181721"
"1","6","274","3","4.66746442627722","2.97955526323687"
"1","6","300","6","4.82932365124766","3.49561390175613"
"1","6","340","3","5.13670677594926","3.25251858223052"
"1","6","344","9","4.69055109822663","3.0961213366855"
"1","6","437","18","5.24790579973153","2.88357401297419"
"1","6","833","18","5.37180041240436","2.76943069255415"
"1","6","857","3","5.02213264245453","3.05511461381287"
"1","7","54","6","5.25473369593896","3.8095174983418"
"1","7","196","9","5.28289666807772","3.20812913744391"
"1","7","204","6","5.59491639469984","3.47033842938691"
"1","7","274","3","4.48934122021885","3.22631338408519"
"1","7","300","6","5.25635540697831","3.56183639268608"
"1","7","340","3","5.106422283221","3.52445934027595"
"1","7","344","9","4.49732778614099","3.05479905495697"
"1","7","437","18","5.24460924625594","2.90823555468294"
"1","7","833","18","5.18497275988852","2.86257388554754"
"1","7","857","3","5.26589139689407","3.30431585402694"
"1","8","54","6","5.151116520087","3.74608114061268"
"1","8","196","9","5.32742109719558","3.28542749679925"
"1","8","204","6","5.52780406670825","3.32334694700047"
"1","8","274","3","4.45905619062062","3.27975476226176"
"1","8","300","6","5.20168426074921","3.39622456678492"
"1","8","340","3","5.12605350181613","3.47538753653977"
"1","8","344","9","4.71095072879273","2.9325684611961"
"1","8","437","18","5.35059184034896","3.14776526704735"
"1","8","833","18","5.22911887943991","2.94380697585321"
"1","8","857","3","5.08938320413505","3.26844602299259"
"1","9","54","6","5.42136575417498","3.57930221901666"
"1","9","196","9","5.40761907259248","3.24581236980847"
"1","9","204","6","5.59920590307997","3.22425382564627"
"1","9","274","3","4.70707243189301","3.13643159285481"
"1","9","300","6","4.94778192058916","3.33570009650302"
"1","9","340","3","5.28437124972073","3.46230930339403"
"1","9","344","9","4.80828523930781","3.12293948153851"
"1","9","437","18","5.31598604293979","3.12122554417498"
"1","9","833","18","5.39414263632888","3.12722979754848"
"1","9","857","3","5.18349218722052","3.25949470740702"
"1","10","54","6","5.6093999347907","3.48124789656616"
"1","10","196","9","5.36778321714028","3.33639181353225"
"1","10","204","6","5.64812471105748","3.28844400352577"
"1","10","274","3","4.81958695658815","3.28234958003608"
"1","10","300","6","4.95493805150503","3.31266949868193"
"1","10","340","3","5.26106044457492","3.45427264816858"
"1","10","344","9","4.7802154388171","2.92837861695216"
"1","10","437","18","5.41905185866536","3.14155152525293"
"1","10","833","18","5.38706891666561","3.06139154955197"
"1","10","857","3","5.3575299689553","3.2807385489841"
"2","1","54","6","5.4148110956283","3.51557392494847"
"2","1","196","9","5.47513097985548","3.06101970509859"
"2","1","204","6","5.71219712987197","3.31177881812291"
"2","1","274","3","4.40393222536946","3.32050180519108"
"2","1","300","6","4.700749252875","3.13005207951451"
"2","1","340","3","5.15976275095009","3.52064240462687"
"2","1","344","9","4.73577224756099","2.66944034567997"
"2","1","437","18","5.32500666789668","3.00292959650194"
"2","1","833","18","5.43056858983316","2.81094110441772"
"2","1","857","3","5.35825784472142","3.21074199977813"
"2","2","54","6","5.45073077118612","3.46852789721195"
"2","2","196","9","5.64472175758714","3.04696732278243"
"2","2","204","6","5.78864872554577","3.20053375403756"
"2","2","274","3","4.51203474989456","3.28214689550739"
"2","2","300","6","5.33375217929377","3.12051683564135"
"2","2","340","3","5.41684510889635","3.47129466220385"
"2","2","344","9","4.93838116691505","2.864388814079"
"2","2","437","18","5.43541077305738","3.10632665718355"
"2","2","833","18","5.55008437379048","3.11096214651555"
"2","2","857","3","5.43265866419089","3.06011545955503"
"2","3","54","6","5.59065823281521","3.34238752831421"
"2","3","196","9","5.47748666451982","3.21828579830995"
"2","3","204","6","5.62752364932101","3.40417864107788"
"2","3","274","3","4.64236660322669","2.78037446253911"
"2","3","300","6","5.041521874829","3.43815876205344"
"2","3","340","3","5.40725410915352","3.493434223916"
"2","3","344","9","4.81756092198109","3.04729779068768"
"2","3","437","18","5.35702512763991","3.09669741532852"
"2","3","833","18","5.46580656435989","2.97321704022622"
"2","3","857","3","5.20317911610645","3.11463479927805"
"2","4","54","6","5.30610277800481","3.22103335628363"
"2","4","196","9","5.46408140636916","3.08423806017731"
"2","4","204","6","5.68606392500546","3.43053348170824"
"2","4","274","3","4.735677389256","3.05288679689614"
"2","4","300","6","5.39252091728383","3.30196352267117"
"2","4","340","3","5.20163841418604","3.17969584873442"
"2","4","344","9","4.88286064642073","2.88084792751834"
"2","4","437","18","5.35327829569126","3.07897401987773"
"2","4","833","18","5.67987883806924","3.03630004177324"
"2","4","857","3","4.93610658645679","2.86912596468778"
"2","5","54","6","5.3836792054059","3.40058821737166"
"2","5","196","9","5.5257102098371","2.97200110069998"
"2","5","204","6","5.64819404395021","3.15543206510604"
"2","5","274","3","4.63238172690924","3.51618372068093"
"2","5","300","6","5.45618344121457","3.14666992129846"
"2","5","340","3","4.93479705822307","3.31186685388134"
"2","5","344","9","4.86328076702692","2.89949645973921"
"2","5","437","18","5.39475893760362","3.08441378645615"
"2","5","833","18","5.49825335382162","3.01107134923168"
"2","5","857","3","5.27453214148899","2.98686510988681"
"2","6","54","6","5.45506319922166","3.75460538181228"
"2","6","196","9","5.35518371668359","3.24021629882087"
"2","6","204","6","5.48560736553318","3.28091724075643"
"2","6","274","3","4.70876713295908","3.15578293269231"
"2","6","300","6","4.78856430860115","3.6114684274748"
"2","6","340","3","4.95554217630279","3.50491901621296"
"2","6","344","9","4.5615301971646","2.86972032125276"
"2","6","437","18","5.40528270499518","3.17495469702619"
"2","6","833","18","5.2311955077515","2.79334693859529"
"2","6","857","3","5.20039444664377","3.27094528510637"
"2","7","54","6","5.32314078170868","3.35953410287888"
"2","7","196","9","5.26381067318909","2.95141031332927"
"2","7","204","6","5.67555180023516","3.23933478880725"
"2","7","274","3","4.76604598676421","3.17169393697922"
"2","7","300","6","5.25613405342507","3.32530694926857"
"2","7","340","3","5.20268636232878","3.70904568435198"
"2","7","344","9","4.73087770032727","2.8206081978596"
"2","7","437","18","5.22694601636143","2.93286136312325"
"2","7","833","18","5.38692710297654","2.87189561495047"
"2","7","857","3","5.29581920831948","3.22023422609765"
"2","8","54","6","5.31737554664718","3.43653482109447"
"2","8","196","9","5.47935995316149","2.89221887790821"
"2","8","204","6","5.68740399506859","3.2782225192983"
"2","8","274","3","4.49979849991314","2.81560750295866"
"2","8","300","6","5.34134775079733","3.11796917307436"
"2","8","340","3","5.36595983757237","3.37100391497823"
"2","8","344","9","4.87020986936859","3.08965277763126"
"2","8","437","18","5.4251087251513","2.99141370823823"
"2","8","833","18","5.60702519514935","2.97786389183275"
"2","8","857","3","5.27078656412791","3.16571521624229"
"2","9","54","6","5.39250383457181","3.42425878396977"
"2","9","196","9","5.46812798906062","2.95003301925357"
"2","9","204","6","5.6586717722658","3.21341713535526"
"2","9","274","3","4.69197240235998","3.20074052322821"
"2","9","300","6","4.71612416721297","3.06722385114695"
"2","9","340","3","5.32420409302836","3.42188168842712"
"2","9","344","9","4.95241668742339","2.82689150565204"
"2","9","437","18","5.2940329603859","2.96340486986052"
"2","9","833","18","5.43841034345332","2.75255221093781"
"2","9","857","3","5.21337579251337","3.15768104750632"
"2","10","54","6","5.16561925801308","3.39914173286624"
"2","10","196","9","5.44619724577091","3.06336569340589"
"2","10","204","6","5.59272961099907","3.42182742826412"
"2","10","274","3","4.65483360287684","2.94980004295502"
"2","10","300","6","5.31825970301261","3.35044980119119"
"2","10","340","3","5.13504953851181","3.38255210019914"
"2","10","344","9","4.7304493741948","2.95087836578386"
"2","10","437","18","5.40070306422213","3.01490200903002"
"2","10","833","18","5.55522388619429","2.93754978682805"
"2","10","857","3","5.31064900169078","3.30462398922023"
"3","1","54","6","5.45343257844677","3.32579722307807"
"3","1","196","9","5.43205174112643","2.92123677708614"
"3","1","204","6","5.72431405182343","3.41206008878326"
"3","1","274","3","4.59686582507576","3.20231694342812"
"3","1","300","6","5.50250536974521","3.18480016339712"
"3","1","340","3","5.37961325515605","3.53680094874648"
"3","1","344","9","4.83278228691279","2.98053695118749"
"3","1","437","18","5.44226681948969","2.94327169533059"
"3","1","833","18","5.557562533933","2.892514167085"
"3","1","857","3","5.13930645843881","3.03071871554749"
"3","2","54","6","5.45817404749208","3.3589616161"
"3","2","196","9","5.53688078208831","3.11378386241736"
"3","2","204","6","5.76449909108768","3.52630536077499"
"3","2","274","3","4.79165410225335","3.3196085278037"
"3","2","300","6","5.46554961911135","3.39309252386766"
"3","2","340","3","5.26346126273664","3.44147427545395"
"3","2","344","9","4.9720476953844","2.86080455108496"
"3","2","437","18","5.58395872976555","3.30873419999303"
"3","2","833","18","5.57124937706668","3.06858763867439"
"3","2","857","3","5.48940707341665","3.16316481125526"
"3","3","54","6","5.39649509190118","3.60272561532868"
"3","3","196","9","5.32365833263777","3.0395048797687"
"3","3","204","6","5.70882687117969","3.50169435294209"
"3","3","274","3","4.60653195771198","2.96517746849336"
"3","3","300","6","5.07336225429216","3.64070469323288"
"3","3","340","3","5.36269543198247","3.31696201934594"
"3","3","344","9","4.75649372504426","2.72227013652882"
"3","3","437","18","5.46699785685327","3.21901453352972"
"3","3","833","18","5.39202508363292","2.89661640055909"
"3","3","857","3","5.10088775110811","3.2056960801881"
"3","4","54","6","5.50578824954368","3.50166816859426"
"3","4","196","9","5.44118742216199","2.99120897638761"
"3","4","204","6","5.8500813679562","3.40893475321341"
"3","4","274","3","4.72581598307095","3.07380229982062"
"3","4","300","6","5.45463511245794","3.35684337285805"
"3","4","340","3","5.49261193720334","3.66380458232673"
"3","4","344","9","4.96403324122661","3.11200377572082"
"3","4","437","18","5.43627489166286","2.96641613637235"
"3","4","833","18","5.49321718525454","2.89410840295205"
"3","4","857","3","5.43418171462167","3.262629754609"
"3","5","54","6","5.52553114243271","3.47450878333352"
"3","5","196","9","5.28978107316136","3.03008490794092"
"3","5","204","6","5.69717015747062","3.5507275121695"
"3","5","274","3","4.65188756726482","3.14527502772362"
"3","5","300","6","5.05478086473859","3.22514941760324"
"3","5","340","3","5.21499639694292","3.58983331448078"
"3","5","344","9","4.83762413534964","2.7310976515255"
"3","5","437","18","5.41201968895109","3.19234458996622"
"3","5","833","18","5.33551029037997","3.08447202573857"
"3","5","857","3","5.22323776457974","3.12967822835945"
"3","6","54","6","5.43479814876999","3.45875808577381"
"3","6","196","9","5.42165873853896","3.06781774727781"
"3","6","204","6","5.70167164665764","3.54421908214467"
"3","6","274","3","4.65162466648641","2.8739372867294"
"3","6","300","6","4.85873791695077","3.3620706547072"
"3","6","340","3","5.34868124079792","3.19490445670218"
"3","6","344","9","4.76043916404352","2.70523118240189"
"3","6","437","18","5.43409432944357","3.351034824641"
"3","6","833","18","5.53323576126554","2.86392797790847"
"3","6","857","3","5.14926225585677","3.04410209086916"
"3","7","54","6","5.48423793780464","3.38443822439389"
"3","7","196","9","5.27990293810673","2.98950886192116"
"3","7","204","6","5.53813745142467","3.33763112543305"
"3","7","274","3","4.687919499489","2.97761955136189"
"3","7","300","6","5.29271737208321","3.18903855617481"
"3","7","340","3","5.38080622785365","3.21066504243918"
"3","7","344","9","4.89781258474411","2.84872150224185"
"3","7","437","18","5.40522063758267","3.2186230262006"
"3","7","833","18","5.36313596099432","2.87408028790309"
"3","7","857","3","5.23455829734785","3.04281543171453"
"3","8","54","6","5.55216514439138","3.58344612125114"
"3","8","196","9","5.28527609658991","3.03249419404589"
"3","8","204","6","5.61384140993553","3.42485466145774"
"3","8","274","3","4.70015776263108","2.8938634907496"
"3","8","300","6","4.94770542865723","3.264915478046"
"3","8","340","3","5.34329422183225","3.52247432057591"
"3","8","344","9","4.97235170799396","2.85965898967617"
"3","8","437","18","5.55163669150126","3.2982956919535"
"3","8","833","18","5.50373178594722","2.90733551395482"
"3","8","857","3","5.1988683548021","3.22069972339632"
"3","9","54","6","5.61184889906103","3.23548946217695"
"3","9","196","9","5.39078245331735","3.06920800567431"
"3","9","204","6","5.68922227234895","3.42165214908264"
"3","9","274","3","4.7667535659123","2.92407838940489"
"3","9","300","6","5.04323174667625","3.28387043415389"
"3","9","340","3","5.3454731883443","3.19262259430913"
"3","9","344","9","4.76341514232148","2.81856846922169"
"3","9","437","18","5.5477843943293","3.08709179960489"
"3","9","833","18","5.43879177115353","2.83322902154846"
"3","9","857","3","5.21490474038874","3.1504616195149"
"3","10","54","6","5.4829242673447","3.32145220556098"
"3","10","196","9","5.26750412939395","2.7702640986945"
"3","10","204","6","5.73749564450318","3.53184026476793"
"3","10","274","3","4.94598363922961","2.97232038398499"
"3","10","300","6","5.07069298016298","2.97322989847168"
"3","10","340","3","5.22345439147823","3.38866712267972"
"3","10","344","9","4.92785696915907","2.95571317490525"
"3","10","437","18","5.55803735034159","3.05665878498031"
"3","10","833","18","5.37959912691892","2.93610999531798"
"3","10","857","3","5.2195238451271","2.86623506498103"
"4","1","54","6","5.71662172922077","3.46899340004725"
"4","1","196","9","5.5696538551705","3.13615912504653"
"4","1","204","6","5.76886521426623","3.29093954561314"
"4","1","274","3","4.6152590602203","2.98207119000353"
"4","1","300","6","5.34551542182425","3.57949290861992"
"4","1","340","3","5.40736029005969","3.39861577518672"
"4","1","344","9","5.2207889553678","2.9240972936552"
"4","1","437","18","5.58068195529758","3.17372475537173"
"4","1","833","18","5.64392209057428","2.90354025546775"
"4","1","857","3","5.61788224585626","3.27957667464381"
"4","2","54","6","5.66048862184315","3.50911389250942"
"4","2","196","9","5.61827404287338","3.00352363021073"
"4","2","204","6","5.75291063132316","3.37239840157994"
"4","2","274","3","4.81584907260697","2.80288299975977"
"4","2","300","6","5.32153600257951","3.49731464669421"
"4","2","340","3","5.67499631026808","3.30392637786132"
"4","2","344","9","5.22163994857431","2.98504018465458"
"4","2","437","18","5.53992942876377","3.0752033545511"
"4","2","833","18","5.57384830208496","2.93433152083049"
"4","2","857","3","5.36675856524916","3.33816870203017"
"4","3","54","6","5.54663874506764","3.42625704178168"
"4","3","196","9","5.41469409619077","3.11311765700941"
"4","3","204","6","5.6583109526303","3.34206404157246"
"4","3","274","3","4.88111599997372","3.1126701484031"
"4","3","300","6","5.38961494720802","3.51647502160054"
"4","3","340","3","5.43490896365327","3.51283709919093"
"4","3","344","9","4.8909284325311","3.15513455836216"
"4","3","437","18","5.48070234667377","3.0967266417973"
"4","3","833","18","5.4511582690346","2.97192853690147"
"4","3","857","3","5.2942990236716","3.05199480535786"
"4","4","54","6","5.5624332607348","3.40835470122142"
"4","4","196","9","5.52418510928473","3.19819289324247"
"4","4","204","6","5.78780741092177","3.44419755682544"
"4","4","274","3","4.77899182905438","2.91760065941741"
"4","4","300","6","5.38258558198776","3.42125173466782"
"4","4","340","3","5.36738623556055","3.33523232506596"
"4","4","344","9","5.15818531851759","2.9651670869815"
"4","4","437","18","5.52461987360708","3.39103441367145"
"4","4","833","18","5.37551945576349","3.06541663353897"
"4","4","857","3","5.34979200809605","3.23963083166888"
"4","5","54","6","5.54527879087185","3.31193172712635"
"4","5","196","9","5.47912381761562","3.26474266959657"
"4","5","204","6","5.79670142485795","3.33955205157965"
"4","5","274","3","4.8867793346897","2.91070838575374"
"4","5","300","6","5.50404879935144","3.49167325706077"
"4","5","340","3","5.51964221930108","3.37838905787705"
"4","5","344","9","4.96823656013123","3.09291447748463"
"4","5","437","18","5.5267862540632","3.22519476181883"
"4","5","833","18","5.39044378691851","2.85951364708653"
"4","5","857","3","5.28611406157882","2.98778726076383"
"4","6","54","6","5.72592274559549","3.24862463445748"
"4","6","196","9","5.51513680713491","3.19066721061055"
"4","6","204","6","5.80017100183348","3.38664590309904"
"4","6","274","3","4.63559640125177","2.67690355579122"
"4","6","300","6","5.21417645704925","3.68498144331845"
"4","6","340","3","5.61235030991573","3.3669751603905"
"4","6","344","9","5.20372688700314","3.38918697259377"
"4","6","437","18","5.60731344219936","3.27288383924105"
"4","6","833","18","5.46820759096313","2.8777143323683"
"4","6","857","3","5.38888081539995","3.1693869846542"
"4","7","54","6","5.64592946712449","3.26646932993561"
"4","7","196","9","5.54879251910191","3.04863631709055"
"4","7","204","6","5.81279499558512","3.35862778004955"
"4","7","274","3","4.62026693389957","2.7928483385679"
"4","7","300","6","5.45789154534148","3.28003578080477"
"4","7","340","3","5.71272010590178","3.18464601288003"
"4","7","344","9","5.0277929495883","3.04881682409857"
"4","7","437","18","5.46433722903902","2.97058866273243"
"4","7","833","18","5.53866796995269","2.97643501183576"
"4","7","857","3","5.41096252708343","2.93587736816351"
"4","8","54","6","5.60363237640527","3.29254829237896"
"4","8","196","9","5.62075796509423","3.15615298021116"
"4","8","204","6","5.81783089873022","3.26375703602343"
"4","8","274","3","4.8895300967529","2.92857479693351"
"4","8","300","6","5.29686386243589","3.4779976114074"
"4","8","340","3","5.4404361745337","3.11855087211576"
"4","8","344","9","5.32623856281686","2.84158850041715"
"4","8","437","18","5.61590651323153","3.25849747766836"
"4","8","833","18","5.58687391712198","2.9449058334999"
"4","8","857","3","5.38641874507439","3.35038045506015"
"4","9","54","6","5.54123223408299","3.45661439781662"
"4","9","196","9","5.14011875106806","3.02782119994965"
"4","9","204","6","5.53165610760837","3.24989441575217"
"4","9","274","3","4.85916149924469","2.58628630761149"
"4","9","300","6","5.10729264839406","3.2656549201016"
"4","9","340","3","5.30310263792669","3.53035258887009"
"4","9","344","9","5.03840023667732","2.89548610945826"
"4","9","437","18","5.22904019578015","2.99029329902193"
"4","9","833","18","5.23857040431394","2.6968429095457"
"4","9","857","3","5.1355030688704","3.03795947709899"
"4","10","54","6","5.54845574602058","3.3318524277533"
"4","10","196","9","5.19165013892786","3.11186678299539"
"4","10","204","6","5.52959164687561","3.22693877155045"
"4","10","274","3","4.77721084560659","2.82140249670489"
"4","10","300","6","5.24369929147185","3.43084791624716"
"4","10","340","3","5.24749121604587","3.41108334717308"
"4","10","344","9","4.9075959272667","3.06982062065048"
"4","10","437","18","5.42306102688693","3.12727851208129"
"4","10","833","18","5.42647746650626","2.8538769310868"
"4","10","857","3","5.2291876659634","2.97437554700626"
"5","1","54","6","5.56776915899604","3.59990111823166"
"5","1","196","9","5.61512331843613","3.21828033682115"
"5","1","204","6","5.69753979313897","3.55547810933693"
"5","1","274","3","4.76431782273889","3.01099114527822"
"5","1","300","6","5.3818295791986","3.59619192744365"
"5","1","340","3","5.44280622371092","3.44759734610324"
"5","1","344","9","5.25934979680238","3.12292381416892"
"5","1","437","18","5.44206714375805","3.28599699987353"
"5","1","833","18","5.57120886477279","3.00176520631455"
"5","1","857","3","5.3579605130757","3.71674424708325"
"5","2","54","6","5.63139175512378","3.55112588763298"
"5","2","196","9","5.52905424391407","3.2602752213137"
"5","2","204","6","5.72241893900414","3.45716268047031"
"5","2","274","3","4.75664476806705","3.04135663041748"
"5","2","300","6","5.39147405824582","3.3963881562922"
"5","2","340","3","5.51689055544437","3.35639163401118"
"5","2","344","9","5.37452625951624","3.55422712102329"
"5","2","437","18","5.41914694257836","3.08273584681074"
"5","2","833","18","5.59753191621613","3.05073694828257"
"5","2","857","3","5.56691918709433","3.54481557024862"
"5","3","54","6","5.61747269342758","3.22569473281414"
"5","3","196","9","5.61692944212799","3.47721325597092"
"5","3","204","6","5.62807452712116","3.31420808540707"
"5","3","274","3","4.85389072478701","2.64390351782368"
"5","3","300","6","5.54332543653666","3.39911387915451"
"5","3","340","3","5.39879378924623","3.19475140500615"
"5","3","344","9","5.34793898008192","3.49470961813316"
"5","3","437","18","5.59751035453305","3.14039190718655"
"5","3","833","18","5.64221772153957","3.31377457480398"
"5","3","857","3","5.40712573021743","2.95373178570909"
"5","4","54","6","5.63537753542006","3.53094276470633"
"5","4","196","9","5.44527153402301","3.14809237561836"
"5","4","204","6","5.71050118373768","3.52563733288286"
"5","4","274","3","4.87609261717624","3.05687259363411"
"5","4","300","6","5.29311564347975","3.44325447506637"
"5","4","340","3","5.47300565892036","3.42664750187384"
"5","4","344","9","5.37376878436323","3.00751807230814"
"5","4","437","18","5.49339724419964","3.24780731231267"
"5","4","833","18","5.56477773692407","3.07078678846452"
"5","4","857","3","5.56088293353104","3.44650903338778"
"5","5","54","6","5.62874449856742","3.45833814907044"
"5","5","196","9","5.46481125548564","3.21877229656473"
"5","5","204","6","5.68948922981432","3.37541731558204"
"5","5","274","3","4.89397555988217","2.80583903314736"
"5","5","300","6","5.59515674904129","3.39856919406407"
"5","5","340","3","5.44022175957032","3.40254478338938"
"5","5","344","9","5.18601718358635","3.20379230745348"
"5","5","437","18","5.50388133527038","2.9932803224223"
"5","5","833","18","5.52123012338895","2.97963452866655"
"5","5","857","3","5.47463806777665","3.14631643488554"
"5","6","54","6","5.41691342378181","3.5179193585412"
"5","6","196","9","5.55594418109608","3.21387943282563"
"5","6","204","6","5.58778295262473","3.38791910712108"
"5","6","274","3","4.85794362765799","2.91837871907323"
"5","6","300","6","5.48684059563","3.44713638182812"
"5","6","340","3","5.46754291318428","3.51469461286846"
"5","6","344","9","5.36423061321343","3.25342636613696"
"5","6","437","18","5.49690647912724","3.08625594681977"
"5","6","833","18","5.56092177855829","3.15515307791374"
"5","6","857","3","5.49244828356539","3.28356567704256"
"5","7","54","6","5.503148510631","3.30966203075452"
"5","7","196","9","5.54634661943654","3.3192823538337"
"5","7","204","6","5.70377479334836","3.45676094816996"
"5","7","274","3","4.80318478624734","2.91743174928796"
"5","7","300","6","5.56185752606144","3.46146937167483"
"5","7","340","3","5.36139908670048","3.25718232676988"
"5","7","344","9","5.22019497103102","3.53399082100492"
"5","7","437","18","5.59238974130221","3.17463236330273"
"5","7","833","18","5.68373014511618","3.05424867207731"
"5","7","857","3","5.49553990764185","3.25832643090845"
"5","8","54","6","5.62170887165044","3.43046557989041"
"5","8","196","9","5.66174766165745","3.41341714907581"
"5","8","204","6","5.78760910496065","3.35352740693772"
"5","8","274","3","4.92757174893295","2.64734010661213"
"5","8","300","6","5.1901414294233","3.46255615137479"
"5","8","340","3","5.44271524784672","3.39548093908709"
"5","8","344","9","5.40715519355791","3.28035137541384"
"5","8","437","18","5.59933511251006","3.06966395410871"
"5","8","833","18","5.50842649050337","2.95553727233428"
"5","8","857","3","5.4857055395636","3.1460990880376"
"5","9","54","6","5.59695402726445","3.335379576925"
"5","9","196","9","5.59778699576642","3.36313174125581"
"5","9","204","6","5.77641827932066","3.45403103459984"
"5","9","274","3","4.63316065807835","2.83585707954092"
"5","9","300","6","5.7201401052078","3.40290917776012"
"5","9","340","3","5.50968299356337","3.30421623585157"
"5","9","344","9","5.26916144025133","3.60465655602279"
"5","9","437","18","5.50192325725424","2.91972372822142"
"5","9","833","18","5.73409801725463","3.14793700525371"
"5","9","857","3","5.50385616656693","3.11123493431965"
"5","10","54","6","5.45666399085533","3.45555322102627"
"5","10","196","9","5.5152924716431","3.24099800593368"
"5","10","204","6","5.62765118492257","3.41435083944436"
"5","10","274","3","4.88831222516619","2.76214762280217"
"5","10","300","6","5.24457946776614","3.39839975234343"
"5","10","340","3","5.4171102815014","3.24294495124581"
"5","10","344","9","5.11546027858391","3.38673469858584"
"5","10","437","18","5.43866606295245","3.02486722351186"
"5","10","833","18","5.49991744591556","2.95018505724615"
"5","10","857","3","5.43465627741247","3.2847411527"
"6","1","54","6","5.75016129771011","3.36674518310688"
"6","1","196","9","5.37962319282369","3.26990960253751"
"6","1","204","6","5.70186929294793","3.46270511547181"
"6","1","274","3","4.89720315142474","2.99068780801258"
"6","1","300","6","5.4498426961628","3.4375130912603"
"6","1","340","3","5.43094209635736","3.2805877217044"
"6","1","344","9","5.3129208624197","3.67370453695604"
"6","1","437","18","5.41971071279338","2.97440341927373"
"6","1","833","18","5.55355757584317","3.13397664944458"
"6","1","857","3","5.70832003767526","3.30019977507924"
"6","2","54","6","5.51775953069539","3.53755443046241"
"6","2","196","9","5.41369643265472","3.40286011169907"
"6","2","204","6","5.62304621580232","3.56031371891535"
"6","2","274","3","4.78599076753737","2.97918801933859"
"6","2","300","6","5.48223966329517","3.62814000968233"
"6","2","340","3","5.37553496711399","3.34506104655542"
"6","2","344","9","5.2174101689765","3.52803378106587"
"6","2","437","18","5.37247082411496","3.02341543114658"
"6","2","833","18","5.46695893797233","3.0973911554777"
"6","2","857","3","5.44234164067215","3.6320230746433"
"6","3","54","6","5.68090178712221","3.55715422247602"
"6","3","196","9","5.6258550190188","3.5125187480827"
"6","3","204","6","5.79539974368064","3.54229365255308"
"6","3","274","3","4.99547170618258","3.07044317366863"
"6","3","300","6","5.54080424304562","3.5414610201534"
"6","3","340","3","5.6682259088357","3.48334672179766"
"6","3","344","9","5.4180131613039","3.66130465646747"
"6","3","437","18","5.50743679998282","3.00262857541273"
"6","3","833","18","5.67889360772706","3.18189903298911"
"6","3","857","3","5.74680221537255","3.53966479542862"
"6","4","54","6","5.6124679637674","3.46516789996467"
"6","4","196","9","5.5837055224661","3.44219302450135"
"6","4","204","6","5.76204714301567","3.54182848100186"
"6","4","274","3","4.92706145649433","2.80176670239152"
"6","4","300","6","5.56001111561428","3.58416139421576"
"6","4","340","3","5.53882290614812","3.2404265020717"
"6","4","344","9","5.51589051590959","3.71579746559437"
"6","4","437","18","5.53979041287496","2.91366919339575"
"6","4","833","18","5.73178163074462","3.0657159907474"
"6","4","857","3","5.62180085025867","3.4918962666327"
"6","5","54","6","5.55046874991623","3.45097973956801"
"6","5","196","9","5.41836936872703","3.51641958486375"
"6","5","204","6","5.67816667345251","3.5102424417521"
"6","5","274","3","4.80389236539543","3.14875666795179"
"6","5","300","6","5.31243354529232","3.57822787756609"
"6","5","340","3","5.39899461161923","3.52468461698573"
"6","5","344","9","5.2784868766417","3.39643320110906"
"6","5","437","18","5.41058125331607","3.09886447964182"
"6","5","833","18","5.550462914795","3.24821354628971"
"6","5","857","3","5.47171902433694","3.44519581511602"
"6","6","54","6","5.76152775911016","3.56155675091912"
"6","6","196","9","5.60669794647212","3.37798171927011"
"6","6","204","6","5.87093934136263","3.55490337433804"
"6","6","274","3","4.89346526744355","2.8744983413278"
"6","6","300","6","5.65355607479254","3.55464120295156"
"6","6","340","3","5.72456611254848","3.44188474468481"
"6","6","344","9","5.53997341293189","3.6461672039253"
"6","6","437","18","5.55511708328703","3.06014398482433"
"6","6","833","18","5.73393992841609","3.11790254625184"
"6","6","857","3","5.76873955306824","3.38702818178363"
"6","7","54","6","5.62795353162836","3.48422585152098"
"6","7","196","9","5.62272672710446","3.53297627490284"
"6","7","204","6","5.75944193862105","3.51746121536711"
"6","7","274","3","5.0111662973753","3.08081868457737"
"6","7","300","6","5.25847272311824","3.54198114164161"
"6","7","340","3","5.43807065368561","3.45876060778616"
"6","7","344","9","5.40631590814525","3.61574875534922"
"6","7","437","18","5.47144483318253","3.03060740430662"
"6","7","833","18","5.72652396976905","3.16018903975606"
"6","7","857","3","5.48665382353324","3.31576194307164"
"6","8","54","6","5.67963341460071","3.5423394718552"
"6","8","196","9","5.57873816500389","3.41415826169386"
"6","8","204","6","5.68672849259193","3.51180861109032"
"6","8","274","3","4.945473346791","2.89409628951545"
"6","8","300","6","5.32548638896263","3.48033025331451"
"6","8","340","3","5.41561776828581","3.42043056177971"
"6","8","344","9","5.44114765885481","3.62863413873565"
"6","8","437","18","5.41351071102779","2.96241415735076"
"6","8","833","18","5.60447873190865","3.05092559534483"
"6","8","857","3","5.54165446513662","3.36285584383649"
"6","9","54","6","5.65718367347968","3.41820873378385"
"6","9","196","9","5.61193656005493","3.40626898892434"
"6","9","204","6","5.73644375196862","3.40114131314467"
"6","9","274","3","5.01915437093693","3.12930719969546"
"6","9","300","6","5.46370164322343","3.31473772813546"
"6","9","340","3","5.49347227586581","3.39508133791849"
"6","9","344","9","5.50441174945523","3.45861727094325"
"6","9","437","18","5.44448636155558","3.02607998716461"
"6","9","833","18","5.67320016290181","3.20350524754317"
"6","9","857","3","5.50530553299684","3.24652665126253"
"6","10","54","6","5.50569781047555","3.47475063740025"
"6","10","196","9","5.33738806808621","3.38504230771427"
"6","10","204","6","5.66138926915672","3.52913414519793"
"6","10","274","3","4.84318535212143","2.87877302613675"
"6","10","300","6","5.27033784997993","3.49099990945141"
"6","10","340","3","5.37340483723106","3.39399253953408"
"6","10","344","9","5.29857018856432","3.57029354708548"
"6","10","437","18","5.23762459900263","2.860735197286"
"6","10","833","18","5.44323720669749","3.06644884953971"
"6","10","857","3","5.48301277924774","3.54052282108466"
"7","1","54","6","5.68476644717423","3.54907748268541"
"7","1","196","9","5.48419478051747","3.33943604443974"
"7","1","204","6","5.73068925299149","3.60677320771469"
"7","1","274","3","4.93323508364892","2.91668004721904"
"7","1","300","6","5.40627379559064","3.53180657689001"
"7","1","340","3","5.61617843844359","3.53201644451714"
"7","1","344","9","5.30220359384774","3.6374305091242"
"7","1","437","18","5.29101677567386","2.95260808424002"
"7","1","833","18","5.45015116917506","3.06195220690889"
"7","1","857","3","5.53395409921489","3.44518353242512"
"7","2","54","6","5.61454369333222","3.55236213826976"
"7","2","196","9","5.37066952017912","3.47100226062654"
"7","2","204","6","5.65576396027203","3.62564549092081"
"7","2","274","3","4.9594397739584","3.15873723043171"
"7","2","300","6","5.52851609864204","3.6617971544061"
"7","2","340","3","5.48890230707786","3.48035282998331"
"7","2","344","9","5.30588073379018","3.94217869062861"
"7","2","437","18","5.25617161670437","2.97591284422787"
"7","2","833","18","5.42095968618402","3.06197577545046"
"7","2","857","3","5.45580275292291","3.35900690103397"
"7","3","54","6","5.44732199174788","3.68693644129641"
"7","3","196","9","5.40924270498862","3.49515363539599"
"7","3","204","6","5.52045135547693","3.70981225843522"
"7","3","274","3","4.96116793798372","3.12960608445359"
"7","3","300","6","5.23466569753863","3.6226115358558"
"7","3","340","3","5.27637837376354","3.56031791392835"
"7","3","344","9","5.02703249651079","3.79628305361808"
"7","3","437","18","5.25385798636211","3.0404754954892"
"7","3","833","18","5.38750465558342","3.10421790698256"
"7","3","857","3","5.37335425628109","3.55153443792934"
"7","4","54","6","5.6815603722771","3.5317874584281"
"7","4","196","9","5.56883689384188","3.46964805419998"
"7","4","204","6","5.61507182523297","3.4975061042019"
"7","4","274","3","4.90145334100519","3.01043702442181"
"7","4","300","6","5.49040699231854","3.47760378809785"
"7","4","340","3","5.52597947564724","3.56602336271785"
"7","4","344","9","5.37441821115291","3.57229862992467"
"7","4","437","18","5.4048543001419","2.99121089982578"
"7","4","833","18","5.60887943605111","3.2303620023161"
"7","4","857","3","5.51280040175235","3.24879154422326"
"7","5","54","6","5.6854559524942","3.53133381377918"
"7","5","196","9","5.5849438856109","3.50433348522247"
"7","5","204","6","5.74966941192558","3.56411401849441"
"7","5","274","3","4.99031866390522","3.04594115250912"
"7","5","300","6","5.48387997994251","3.53643954244294"
"7","5","340","3","5.54186566152324","3.4413383972242"
"7","5","344","9","5.29330611961826","3.72302879355076"
"7","5","437","18","5.40871932649957","3.02035438969676"
"7","5","833","18","5.56467537787654","3.13076857041785"
"7","5","857","3","5.57135618126133","3.32894283493242"
"7","6","54","6","5.55465805324827","3.64932736636768"
"7","6","196","9","5.45990937679416","3.57075942055804"
"7","6","204","6","5.62602850510192","3.68031094992822"
"7","6","274","3","4.76431782273889","2.99802363464758"
"7","6","300","6","5.38715409008151","3.73248647184449"
"7","6","340","3","5.46697833061546","3.47022885579974"
"7","6","344","9","5.28776789753971","4.06892410717258"
"7","6","437","18","5.2332421080795","3.01289421148718"
"7","6","833","18","5.48209203850948","3.16913543319491"
"7","6","857","3","5.36001638617897","3.51925022078844"
"7","7","54","6","5.4772804562398","3.63937615206969"
"7","7","196","9","5.34588928331585","3.40426924147308"
"7","7","204","6","5.53417349406866","3.68331739224949"
"7","7","274","3","4.78630578642717","2.89043800305834"
"7","7","300","6","5.29880562915826","3.67543186823498"
"7","7","340","3","5.41032969609526","3.52443881948368"
"7","7","344","9","5.178988840529","3.84375948715421"
"7","7","437","18","5.20531566105244","3.02779215789967"
"7","7","833","18","5.37915732820989","3.17353899886383"
"7","7","857","3","5.27512007943121","3.60424882154985"
"7","8","54","6","5.54791163659364","3.53916184731159"
"7","8","196","9","5.38381679588784","3.49228351306539"
"7","8","204","6","5.55107093544947","3.53985058275939"
"7","8","274","3","4.61273904782582","2.89154341608089"
"7","8","300","6","5.35982118405312","3.54803560018777"
"7","8","340","3","5.34144702267811","3.51436770618305"
"7","8","344","9","5.27603397755692","3.73873299679947"
"7","8","437","18","5.3666811330512","3.08535502244329"
"7","8","833","18","5.41830415983367","3.05485572516912"
"7","8","857","3","5.37189846468458","3.48639270931882"
"7","9","54","6","5.6500582916432","3.68836065918643"
"7","9","196","9","5.46892734631927","3.42021497912335"
"7","9","204","6","5.7681045348166","3.67416507623496"
"7","9","274","3","4.8879972062764","3.0528389616549"
"7","9","300","6","5.41023512463723","3.56228464509772"
"7","9","340","3","5.55749308805447","3.66211733953508"
"7","9","344","9","5.20229004108912","3.79101188392352"
"7","9","437","18","5.27866956915049","2.99579762637948"
"7","9","833","18","5.55195168400699","3.15692372991215"
"7","9","857","3","5.5004144916375","3.47184070429457"
"7","10","54","6","5.52535551399333","3.62734850519635"
"7","10","196","9","5.41632516536602","3.47241015801254"
"7","10","204","6","5.64447142303389","3.73661572480534"
"7","10","274","3","4.87191005482538","3.05940377415471"
"7","10","300","6","5.52630657209108","3.69572893191845"
"7","10","340","3","5.43922171654402","3.57418878431044"
"7","10","344","9","5.14432058063567","3.73284768979631"
"7","10","437","18","5.26084409270179","3.01979064364586"
"7","10","833","18","5.44461290328883","3.14088533370939"
"7","10","857","3","5.50920908383303","3.50090655902783"
"8","1","54","6","5.75125571305053","3.46417023922607"
"8","1","196","9","5.538150718844","3.44561772472134"
"8","1","204","6","5.73987067346539","3.45884857696034"
"8","1","274","3","4.74389621248636","2.87947817020176"
"8","1","300","6","5.47460972544609","3.52561328207562"
"8","1","340","3","5.56020476416265","3.4088502028914"
"8","1","344","9","5.40645235032139","3.76698743564348"
"8","1","437","18","5.50018360186367","2.97302737362484"
"8","1","833","18","5.59059238338721","2.94590664591363"
"8","1","857","3","5.59880241386016","3.38355147780441"
"8","2","54","6","5.49659111938743","3.42255409410233"
"8","2","196","9","5.32613884997435","3.34810941087906"
"8","2","204","6","5.56665153882148","3.47647466399904"
"8","2","274","3","5.00196035222697","3.01543386642854"
"8","2","300","6","5.2529458012821","3.34130939079687"
"8","2","340","3","5.3546811896282","3.37242799173701"
"8","2","344","9","5.11693162393397","3.68670103672871"
"8","2","437","18","5.29530818659816","2.95669620701253"
"8","2","833","18","5.34737246637044","2.92407364238377"
"8","2","857","3","5.45916555077683","3.53923503394044"
"8","3","54","6","5.32403872735445","3.50040317456167"
"8","3","196","9","5.22705189745467","3.4006821449619"
"8","3","204","6","5.41257232592293","3.57895669589862"
"8","3","274","3","4.89043294944981","3.08880363139408"
"8","3","300","6","5.30076022243784","3.42263576182083"
"8","3","340","3","5.24254719121456","3.45737926839316"
"8","3","344","9","5.17736717782084","3.65907416368926"
"8","3","437","18","5.0962134202415","3.00847667750514"
"8","3","833","18","5.17863901973143","3.11427344340222"
"8","3","857","3","5.22258963208196","3.45406002523388"
"8","4","54","6","5.57571356718336","3.70096708498723"
"8","4","196","9","5.53324878972796","3.58938999981869"
"8","4","204","6","5.68853039412587","3.70149114312906"
"8","4","274","3","5.11793321813339","3.21478658138558"
"8","4","300","6","5.43616715783107","3.67348608055995"
"8","4","340","3","5.49723912649777","3.57624822375329"
"8","4","344","9","5.19826340734936","3.86527309927864"
"8","4","437","18","5.3321146310464","3.03910445168171"
"8","4","833","18","5.58806012495715","3.14083557867291"
"8","4","857","3","5.46841699636524","3.70577146922888"
"8","5","54","6","5.5418180043046","3.67677513924858"
"8","5","196","9","5.46059691011414","3.4976950432431"
"8","5","204","6","5.60600180373314","3.73149332217984"
"8","5","274","3","4.85221266571242","3.11007883991717"
"8","5","300","6","5.3767325967255","3.71317408736219"
"8","5","340","3","5.31923444218176","3.55577501414"
"8","5","344","9","5.30482034772031","3.93979241087023"
"8","5","437","18","5.33417767074332","3.06714661382058"
"8","5","833","18","5.52315507805288","3.17642146177736"
"8","5","857","3","5.36612890599703","3.74258873202453"
"8","6","54","6","5.46900667408759","3.68100065800372"
"8","6","196","9","5.4038908195089","3.52325161288251"
"8","6","204","6","5.55638346264467","3.61778301927894"
"8","6","274","3","5.07391321234758","3.19453580120577"
"8","6","300","6","5.34467312101871","3.63736002363468"
"8","6","340","3","5.41665195789649","3.58612874243392"
"8","6","344","9","5.02718793829098","3.7470453952437"
"8","6","437","18","5.23629593688687","3.11129441323547"
"8","6","833","18","5.51272353629212","3.20083751505841"
"8","6","857","3","5.41075081953618","3.77571497330651"
"8","7","54","6","5.47919222591067","3.652800773487"
"8","7","196","9","5.4030897621114","3.4569347642858"
"8","7","204","6","5.54442148339759","3.60659684747555"
"8","7","274","3","4.94598363922961","3.04594875492891"
"8","7","300","6","5.31867529499212","3.48645487092912"
"8","7","340","3","5.21244739148804","3.5843125689849"
"8","7","344","9","5.30451936992306","3.79857597372923"
"8","7","437","18","5.27090542846044","3.01494549868159"
"8","7","833","18","5.49968893832656","3.07989125471946"
"8","7","857","3","5.33613960038303","3.49559524813809"
"8","8","54","6","5.34722097932725","3.61990126337901"
"8","8","196","9","5.41809854128275","3.46458363100027"
"8","8","204","6","5.49447100290638","3.58426618170797"
"8","8","274","3","4.90145334100519","3.15007919903319"
"8","8","300","6","5.36239317150213","3.60210596304555"
"8","8","340","3","5.30435735204719","3.4823187808607"
"8","8","344","9","5.18092979980514","3.74077568714071"
"8","8","437","18","5.17569584639784","3.00751066442902"
"8","8","833","18","5.3673530442409","3.07763342564517"
"8","8","857","3","5.29933721127129","3.64673809617794"
"8","9","54","6","5.45124190568961","3.60844563844915"
"8","9","196","9","5.25497301714836","3.35600783078605"
"8","9","204","6","5.48525389438004","3.60914077892416"
"8","9","274","3","4.81703348123442","2.95721118182387"
"8","9","300","6","5.20597364815766","3.50857983950187"
"8","9","340","3","5.35000991881218","3.53909176318007"
"8","9","344","9","5.05531519987689","3.78187355235814"
"8","9","437","18","5.14823112593453","2.87639005531331"
"8","9","833","18","5.276537371372","2.98664578507623"
"8","9","857","3","5.31524551267636","3.50730267365354"
"8","10","54","6","5.50010976303449","3.67201053706741"
"8","10","196","9","5.47108390727069","3.42784718443054"
"8","10","204","6","5.68425646280091","3.64767402781416"
"8","10","274","3","4.90762696815978","3.03710353273451"
"8","10","300","6","5.39027958106425","3.53739960985016"
"8","10","340","3","5.38308538463311","3.62001195123479"
"8","10","344","9","5.21521346822504","3.59863321817886"
"8","10","437","18","5.39214430250074","3.12680089625672"
"8","10","833","18","5.51379787105182","3.12994097192186"
"8","10","857","3","5.3875906417381","3.50170509073687"
"9","1","54","6","5.40127829265082","3.63151282847961"
"9","1","196","9","5.26218362243286","3.41989825866271"
"9","1","204","6","5.49281447464945","3.72429836111982"
"9","1","274","3","4.89547498739942","3.21415845689117"
"9","1","300","6","5.25154030312637","3.67848891171573"
"9","1","340","3","5.40540167508945","3.67200585877077"
"9","1","344","9","5.10545570570103","3.77649676617752"
"9","1","437","18","5.27983862081717","3.25601592351927"
"9","1","833","18","5.38069498257586","3.19546581796558"
"9","1","857","3","5.33575922094029","3.69361965897565"
"9","2","54","6","5.39601404067538","3.56077533494599"
"9","2","196","9","5.28668224166914","3.34974981195586"
"9","2","204","6","5.46346789409687","3.53121477799218"
"9","2","274","3","4.9959819986212","2.89230570762629"
"9","2","300","6","5.2586974262865","3.45883882438455"
"9","2","340","3","5.38835732127076","3.41280171906701"
"9","2","344","9","5.12843534941863","3.60008403482685"
"9","2","437","18","5.18208347890165","3.04874926447106"
"9","2","833","18","5.41563151562714","3.02449019560367"
"9","2","857","3","5.41901956081685","3.48392421947746"
"9","3","54","6","5.45886893074864","3.51413875192069"
"9","3","196","9","5.39698723736624","3.46640509061742"
"9","3","204","6","5.48218121928453","3.49040880111138"
"9","3","274","3","4.96270082846022","3.00234169474759"
"9","3","300","6","5.33440644141861","3.40398641477414"
"9","3","340","3","5.35450657932598","3.36890137519039"
"9","3","344","9","5.20298007483909","3.71786594042413"
"9","3","437","18","5.30901261290192","3.09102574009641"
"9","3","833","18","5.41146324867043","2.96364036437174"
"9","3","857","3","5.45956941164871","3.4962248234655"
"9","4","54","6","5.39165471301744","3.61387817740766"
"9","4","196","9","5.46797418551078","3.51577392683593"
"9","4","204","6","5.45438213424952","3.51971870921216"
"9","4","274","3","4.87111820645623","3.06631457097936"
"9","4","300","6","5.36754195993465","3.61026182618275"
"9","4","340","3","5.40348394018824","3.50336640247611"
"9","4","344","9","5.16059833858522","3.63283258505285"
"9","4","437","18","5.30496870021162","3.11656439551371"
"9","4","833","18","5.39691908909171","2.99743913412239"
"9","4","857","3","5.34651338096406","3.50637801563885"
"9","5","54","6","5.401360371502","3.70587441450955"
"9","5","196","9","5.47141164589001","3.65339924834385"
"9","5","204","6","5.59495699322493","3.67110713598111"
"9","5","274","3","4.98677605347286","3.04112966299488"
"9","5","300","6","5.46099880528148","3.61419210678868"
"9","5","340","3","5.28121153578984","3.50937189039536"
"9","5","344","9","5.22769047443307","3.88760953423617"
"9","5","437","18","5.41754414984131","3.26292444664938"
"9","5","833","18","5.53889193203247","3.12633717468992"
"9","5","857","3","5.39625387288884","3.68680185871629"
"9","6","54","6","5.44007314065982","3.51155956802568"
"9","6","196","9","5.48191428624334","3.46495034734816"
"9","6","204","6","5.60181021445724","3.54506409425685"
"9","6","274","3","4.87037716434889","3.1198779511571"
"9","6","300","6","5.38417735302124","3.48804802596807"
"9","6","340","3","5.39633373099918","3.37158137950533"
"9","6","344","9","5.31900753075947","3.66021813310478"
"9","6","437","18","5.3921595048185","3.2067874751323"
"9","6","833","18","5.38368493590926","2.95789209585266"
"9","6","857","3","5.4219964423576","3.66121585143664"
"9","7","54","6","5.41877896327518","3.63298413990684"
"9","7","196","9","5.26135276730076","3.39082463023825"
"9","7","204","6","5.55596880737435","3.51766767038455"
"9","7","274","3","4.69834331622404","2.96151637950089"
"9","7","300","6","5.22507588452394","3.48827485788881"
"9","7","340","3","5.47203577782454","3.51916390896732"
"9","7","344","9","5.20859712925278","3.57460682069154"
"9","7","437","18","5.20719805064948","3.22052325962666"
"9","7","833","18","5.29164163903531","2.93560841203429"
"9","7","857","3","5.39369479973919","3.68895569924279"
"9","8","54","6","5.34894796119225","3.62059312942096"
"9","8","196","9","5.30995183995753","3.64683814220395"
"9","8","204","6","5.38301990679164","3.62955287066698"
"9","8","274","3","5.00397007218283","3.0897686061326"
"9","8","300","6","5.10123752211878","3.58286490882192"
"9","8","340","3","5.24554719205937","3.51272864870716"
"9","8","344","9","5.06038407197524","3.87161881383919"
"9","8","437","18","5.2489477734742","3.33467065966084"
"9","8","833","18","5.26891052463046","3.11654562324019"
"9","8","857","3","5.24604833346078","3.65758198609518"
"9","9","54","6","5.40600928423311","3.52227672760551"
"9","9","196","9","5.40258339298957","3.47513122464408"
"9","9","204","6","5.49256137138742","3.46344072991528"
"9","9","274","3","4.73927211779974","2.91457039198953"
"9","9","300","6","5.36057353360673","3.4871557777673"
"9","9","340","3","5.37488553424739","3.46041651879525"
"9","9","344","9","5.13793851577875","3.7063944388599"
"9","9","437","18","5.3603128891952","3.13239135382572"
"9","9","833","18","5.33157533316168","2.8835099334758"
"9","9","857","3","5.4218635910869","3.5777515712594"
"9","10","54","6","5.46383367575176","3.57110683335233"
"9","10","196","9","5.39034903546396","3.43751262994063"
"9","10","204","6","5.55396123479629","3.53384737946852"
"9","10","274","3","4.8895300967529","3.04044286128623"
"9","10","300","6","5.2459482707171","3.59245428196108"
"9","10","340","3","5.49488214151936","3.529855257717"
"9","10","344","9","5.26649580640712","3.73888772290635"
"9","10","437","18","5.35161837264887","3.12025361070879"
"9","10","833","18","5.49998720339858","3.02574413396446"
"9","10","857","3","5.48835343924078","3.61366790305721"
"10","1","54","6","5.45852087154643","3.52335089855593"
"10","1","196","9","5.36672780489898","3.39372239471103"
"10","1","204","6","5.48684194242886","3.45361063360762"
"10","1","274","3","4.7508616880101","2.97108150532733"
"10","1","300","6","5.28378660686644","3.43565718582909"
"10","1","340","3","5.33198349239425","3.41419754106794"
"10","1","344","9","5.20290473417425","3.653685166905"
"10","1","437","18","5.30004091658518","2.99663149069546"
"10","1","833","18","5.33547461882114","2.92694195472703"
"10","1","857","3","5.45301902685303","3.58288659310378"
"10","2","54","6","5.47672969588818","3.46844540969658"
"10","2","196","9","5.37612628795808","3.32517609645045"
"10","2","204","6","5.48800497296755","3.44630938455284"
"10","2","274","3","4.87910628001786","2.98886325688789"
"10","2","300","6","5.30149759765086","3.35456757183982"
"10","2","340","3","5.46211830869774","3.33105430692361"
"10","2","344","9","5.17186019777652","3.46924830755912"
"10","2","437","18","5.24647625077532","3.04756615021958"
"10","2","833","18","5.46321580616383","3.01823273205171"
"10","2","857","3","5.4541158269421","3.36168182084378"
"10","3","54","6","5.55630684750109","3.47304371961224"
"10","3","196","9","5.55181207711817","3.59400955966495"
"10","3","204","6","5.63387120881771","3.53283311484533"
"10","3","274","3","5.04920794955535","3.25542883936049"
"10","3","300","6","5.49108710217582","3.48995039516402"
"10","3","340","3","5.49649238401867","3.32003908759392"
"10","3","344","9","5.3099913451777","3.65788691798757"
"10","3","437","18","5.50502308032471","3.28107533955749"
"10","3","833","18","5.55639156871971","3.18325577177891"
"10","3","857","3","5.54390805190866","3.49422663632611"
"10","4","54","6","5.60634587825131","3.48071347247376"
"10","4","196","9","5.56491338865101","3.55482037581637"
"10","4","204","6","5.66059603703446","3.5261259030204"
"10","4","274","3","4.9820155714538","3.1483216678252"
"10","4","300","6","5.49430549243831","3.39057900720669"
"10","4","340","3","5.48835405160711","3.28204771684757"
"10","4","344","9","5.22715782587608","3.65729180867214"
"10","4","437","18","5.45529997947549","3.14500239868947"
"10","4","833","18","5.5828798862333","3.08613874925405"
"10","4","857","3","5.59984064773766","3.395996377414"
"10","5","54","6","5.4465180253771","3.31669703432281"
"10","5","196","9","5.60566136216767","3.54929588260499"
"10","5","204","6","5.5414198185512","3.45189170288689"
"10","5","274","3","5.1483018156416","3.18003065779588"
"10","5","300","6","5.37243157572784","3.41566996501656"
"10","5","340","3","5.40111203443017","3.24174643391801"
"10","5","344","9","5.23301632572376","3.72333617937069"
"10","5","437","18","5.56200450732586","3.19581085297731"
"10","5","833","18","5.62296505526564","3.13165786827893"
"10","5","857","3","5.47052972982563","3.42900419051642"
"10","6","54","6","5.59490989945151","3.46593363560916"
"10","6","196","9","5.6626380365048","3.52510669809981"
"10","6","204","6","5.70736625941084","3.43816207610599"
"10","6","274","3","5.23512395562652","3.24276233873583"
"10","6","300","6","5.48184019834485","3.46824724779266"
"10","6","340","3","5.56840880128571","3.39540256281943"
"10","6","344","9","5.32344512377943","3.66135913083519"
"10","6","437","18","5.62193230551357","3.18238748303327"
"10","6","833","18","5.66823385488534","3.05887857835862"
"10","6","857","3","5.52608914817824","3.40896831929009"
"10","7","54","6","5.32326436940479","3.43884654981926"
"10","7","196","9","5.37484389065955","3.49353777979647"
"10","7","204","6","5.45710721475642","3.45860523708538"
"10","7","274","3","5.15031153559746","3.29311827027231"
"10","7","300","6","5.31386732770394","3.37819844372955"
"10","7","340","3","5.34212407846491","3.28798925200405"
"10","7","344","9","5.37506763794258","3.64868593901236"
"10","7","437","18","5.27678680081496","3.05475196363655"
"10","7","833","18","5.37554858509402","3.05016668189741"
"10","7","857","3","5.38063050862453","3.43447715132986"
"10","8","54","6","5.48979797079358","3.56164276046099"
"10","8","196","9","5.50800628812956","3.67011908158985"
"10","8","204","6","5.61743816693698","3.62721992960373"
"10","8","274","3","5.1331175168875","3.2407060943761"
"10","8","300","6","5.36170281972829","3.57834773803458"
"10","8","340","3","5.37381513751019","3.394355918156"
"10","8","344","9","5.27184348902936","3.82565625355537"
"10","8","437","18","5.33015769025289","3.20088755561562"
"10","8","833","18","5.44079216559494","3.05518107239765"
"10","8","857","3","5.39299012181751","3.58992826404668"
"10","9","54","6","5.46411261027583","3.54955384855597"
"10","9","196","9","5.53361365997891","3.56964268299946"
"10","9","204","6","5.54648061729814","3.55558253895869"
"10","9","274","3","5.11671534654669","3.54122594598404"
"10","9","300","6","5.33648565983244","3.39742967153688"
"10","9","340","3","5.30480384637516","3.31334609472836"
"10","9","344","9","5.13381917452188","3.34100150116592"
"10","9","437","18","5.45878033017575","3.47996119541668"
"10","9","833","18","5.48857077868192","3.34694436149454"
"10","9","857","3","5.40844704230571","3.65439138045887"
"10","10","54","6","5.53531738018992","3.48658322392859"
"10","10","196","9","5.53396571311925","3.56314531865785"
"10","10","204","6","5.56173557320764","3.43011873584319"
"10","10","274","3","5.0251327245427","3.04389704756909"
"10","10","300","6","5.37470447031584","3.34765373132726"
"10","10","340","3","5.47390171649918","3.28721135576181"
"10","10","344","9","5.22346115169327","3.62077030593198"
"10","10","437","18","5.39835091094707","3.19595040206081"
"10","10","833","18","5.51548925359561","3.00914344548121"
"10","10","857","3","5.57942203192357","3.40025656084726"
"11","1","54","6","5.56026320097695","3.79913273154545"
"11","1","196","9","5.56336222691429","3.92646168011606"
"11","1","204","6","5.59536907083524","3.95068521657327"
"11","1","274","3","4.99397227866534","3.8350385743901"
"11","1","300","6","5.4647307297604","3.69194519738316"
"11","1","340","3","5.44675035995926","3.63442322504701"
"11","1","344","9","5.38628088824738","3.86183886260841"
"11","1","437","18","5.52969151857857","3.74393819172239"
"11","1","833","18","5.49081178276953","3.84679972048562"
"11","1","857","3","5.40398982470437","3.63078108352216"
"11","2","54","6","5.44961112613977","3.82593265132385"
"11","2","196","9","5.57081238361233","3.82029445141703"
"11","2","204","6","5.46428887982702","3.96377941352319"
"11","2","274","3","5.00742841339412","3.66950925679365"
"11","2","300","6","5.34459678822319","3.70590427896896"
"11","2","340","3","5.34989186243123","3.69479151149337"
"11","2","344","9","5.16707823538135","3.81267661740355"
"11","2","437","18","5.42636973522693","3.59135256382006"
"11","2","833","18","5.33343921130217","3.66154344717935"
"11","2","857","3","5.42706124043607","3.73388595542863"
"11","3","54","6","5.61748396537135","3.7087110728072"
"11","3","196","9","5.70094110133977","3.74972021566547"
"11","3","204","6","5.65481094175668","3.80506136056352"
"11","3","274","3","5.02434087617354","3.56815164247197"
"11","3","300","6","5.4906980761097","3.59500047365338"
"11","3","340","3","5.53802265804482","3.5815139950759"
"11","3","344","9","5.22198876153831","3.56419406532939"
"11","3","437","18","5.69083909251085","3.60061809342756"
"11","3","833","18","5.48340060809817","3.63705444565862"
"11","3","857","3","5.59173565825233","3.57702615685936"
"11","4","54","6","5.38242585081315","3.7401217815796"
"11","4","196","9","5.48788356423989","3.86692650627033"
"11","4","204","6","5.38355001890304","3.84356967970826"
"11","4","274","3","4.874030779109","3.56649536963297"
"11","4","300","6","5.2270392252804","3.60891366675423"
"11","4","340","3","5.27062484549318","3.57168018622768"
"11","4","344","9","5.07441659409321","3.77462471491997"
"11","4","437","18","5.3776354280142","3.53855771618893"
"11","4","833","18","5.32014019395735","3.58518502142464"
"11","4","857","3","5.29673640698994","3.56836582459743"
"11","5","54","6","5.31858794846803","3.76148722782378"
"11","5","196","9","5.44701970156376","4.03331037083371"
"11","5","204","6","5.38906276437895","3.95005736783833"
"11","5","274","3","4.88355174314713","3.85026647796359"
"11","5","300","6","5.35970429921619","3.77988255437237"
"11","5","340","3","5.18832015343832","3.56678203492188"
"11","5","344","9","5.14736566064071","3.93786325457635"
"11","5","437","18","5.34667242471558","3.74822018899303"
"11","5","833","18","5.22692915430757","3.78138119057327"
"11","5","857","3","5.30732170018373","3.72781402823259"
"11","6","54","6","5.47107573976339","3.80707350544904"
"11","6","196","9","5.49505440745456","3.91708957884117"
"11","6","204","6","5.42736456239376","3.95482324203723"
"11","6","274","3","5.11742292569478","3.7542653265218"
"11","6","300","6","5.28040826848302","3.74575370751546"
"11","6","340","3","5.39770092103146","3.70814927853017"
"11","6","344","9","5.05624719280665","3.83319124643659"
"11","6","437","18","5.43824494506292","3.64842466058575"
"11","6","833","18","5.47876717064514","3.78964660375912"
"11","6","857","3","5.29999002785432","3.62443595597086"
"11","7","54","6","5.56776117062459","3.82802262642077"
"11","7","196","9","5.61268587940143","3.96674766008655"
"11","7","204","6","5.60295205190881","3.98854421658953"
"11","7","274","3","5.05872891359347","3.82801714953566"
"11","7","300","6","5.47462740197263","3.72619345905446"
"11","7","340","3","5.43445329724928","3.72000068294262"
"11","7","344","9","5.29048704071721","3.99060469652972"
"11","7","437","18","5.52302355772577","3.67085047369809"
"11","7","833","18","5.44289095382709","3.72579525257839"
"11","7","857","3","5.54922305263805","3.71455706866795"
"11","8","54","6","5.44136352520443","3.71103834245966"
"11","8","196","9","5.54942109234914","3.83418389225049"
"11","8","204","6","5.38331852626566","3.79000180626991"
"11","8","274","3","4.96270082846022","3.57075856410983"
"11","8","300","6","5.46213863136582","3.70687170295459"
"11","8","340","3","5.35163806763494","3.57340720795555"
"11","8","344","9","5.10422966142683","3.705092394027"
"11","8","437","18","5.40330213083875","3.57478977428454"
"11","8","833","18","5.33341227358961","3.60745252441699"
"11","8","857","3","5.32322025218429","3.59113532628051"
"11","9","54","6","5.27466997941769","3.84594199814356"
"11","9","196","9","5.39462832140629","4.28258511700319"
"11","9","204","6","5.2377562146506","4.0670886103513"
"11","9","274","3","4.8312286449099","4.07657549993264"
"11","9","300","6","5.0728515748369","3.955150042599"
"11","9","340","3","5.11113460976639","3.69337712265658"
"11","9","344","9","5.11942066549976","4.08563338161904"
"11","9","437","18","5.27588543791984","4.06437314683977"
"11","9","833","18","5.15830066514992","3.95290821914013"
"11","9","857","3","5.20377900009845","3.95106043952283"
"11","10","54","6","5.21513443901336","3.86669137216597"
"11","10","196","9","5.38073934182308","4.23275790688359"
"11","10","204","6","5.34293230095175","4.10372725244962"
"11","10","274","3","4.97159175471876","3.9324165356845"
"11","10","300","6","5.13630532882109","3.92060966714011"
"11","10","340","3","5.25325603177993","3.77301647212102"
"11","10","344","9","4.98801800594189","4.04888309836534"
"11","10","437","18","5.38417883494369","3.88333047978033"
"11","10","833","18","5.24468321402927","3.945801862346"
"11","10","857","3","5.25646407796912","3.97773351364228"
"12","1","54","6","5.53132860089517","3.30350488829516"
"12","1","196","9","5.43730974105613","3.44753284171393"
"12","1","204","6","5.5456087355317","3.49027451984559"
"12","1","274","3","4.97757010832453","3.31180625890187"
"12","1","300","6","5.27314742357117","3.28268653935272"
"12","1","340","3","5.48308285624532","3.25215043264335"
"12","1","344","9","5.15460418485043","3.22255496183043"
"12","1","437","18","5.3991589685491","3.41631713694659"
"12","1","833","18","5.38960258611144","3.20598412926983"
"12","1","857","3","5.46140463042983","3.33499226039114"
"12","2","54","6","5.56185694597827","3.39981512992746"
"12","2","196","9","5.40029513147218","3.62350711975328"
"12","2","204","6","5.47945851619453","3.55981157589306"
"12","2","274","3","4.88304145070851","3.35619439551283"
"12","2","300","6","5.33912474533997","3.30163152266579"
"12","2","340","3","5.44813618481606","3.29408763904425"
"12","2","344","9","5.04663463291048","3.33079167646957"
"12","2","437","18","5.45499818680041","3.5196871741167"
"12","2","833","18","5.43104656866603","3.28357642222819"
"12","2","857","3","5.36852450736302","3.39631474637217"
"12","3","54","6","5.44449832503778","3.22382199685689"
"12","3","196","9","5.5509188573463","3.4357239968968"
"12","3","204","6","5.50550065440204","3.45028474042444"
"12","3","274","3","5.02957818767197","3.3049295789263"
"12","3","300","6","5.24372464414305","3.14026792725345"
"12","3","340","3","5.36602656897252","3.12065405843103"
"12","3","344","9","5.25976075608257","3.38224437417015"
"12","3","437","18","5.45507038631609","3.47037678971445"
"12","3","833","18","5.37586965005872","3.23449563359433"
"12","3","857","3","5.41562132234011","3.40062414619671"
"12","4","54","6","5.53476553309032","3.38848027298196"
"12","4","196","9","5.5266978240648","3.55634284364329"
"12","4","204","6","5.53841665602958","3.54917973684729"
"12","4","274","3","5.0084155353121","3.21141904328826"
"12","4","300","6","5.40984147324993","3.37939071137874"
"12","4","340","3","5.46556006233987","3.25688688280369"
"12","4","344","9","5.17907281817675","3.67372831410802"
"12","4","437","18","5.43167059313034","3.2426701833312"
"12","4","833","18","5.45228286244766","3.07766597202486"
"12","4","857","3","5.42245041570969","3.36828820306893"
"12","5","54","6","5.25471065511125","3.53397827001739"
"12","5","196","9","5.37684485677047","3.80348729515642"
"12","5","204","6","5.25351915042231","3.77960129585814"
"12","5","274","3","5.14232346203583","3.35787037979189"
"12","5","300","6","5.10496027374894","3.73970280894946"
"12","5","340","3","5.18642653694601","3.39700500775559"
"12","5","344","9","5.00373546845431","3.8662777655974"
"12","5","437","18","5.16973597007057","3.32887483984586"
"12","5","833","18","5.20821601498809","3.13548732722423"
"12","5","857","3","5.25204782509995","3.67297375077429"
"12","6","54","6","5.34953568835311","3.47480769079193"
"12","6","196","9","5.31406437034381","3.85979498951662"
"12","6","204","6","5.39601077828938","3.59382628194075"
"12","6","274","3","5.01592677939437","3.34313254515519"
"12","6","300","6","5.25053531777143","3.49751945005665"
"12","6","340","3","5.22968744678421","3.31620331528921"
"12","6","344","9","5.1384695951877","3.81270717334641"
"12","6","437","18","5.19883286360885","3.36779769372912"
"12","6","833","18","5.27550474891511","3.08799596757345"
"12","6","857","3","5.33047602275199","3.5758764616562"
"12","7","54","6","5.50959369329434","3.37169761028051"
"12","7","196","9","5.48574647144439","3.64858199880805"
"12","7","204","6","5.47081609211204","3.53966386267992"
"12","7","274","3","4.93799556566799","3.06903628309693"
"12","7","300","6","5.27465739044321","3.38016203175898"
"12","7","340","3","5.36644851755869","3.21691302596254"
"12","7","344","9","5.25561504701894","3.79916094158082"
"12","7","437","18","5.39000917831332","3.22197904089187"
"12","7","833","18","5.30446488229907","2.96009262236246"
"12","7","857","3","5.39142726424431","3.3642860265989"
"12","8","54","6","5.57715370264614","3.38241977736341"
"12","8","196","9","5.5529649097969","3.61342591479129"
"12","8","204","6","5.5229505194205","3.62499325008185"
"12","8","274","3","4.89822574946262","3.0148506482302"
"12","8","300","6","5.40210615223388","3.39970183516601"
"12","8","340","3","5.46019740794419","3.26961438264264"
"12","8","344","9","5.30305256104821","3.641711428445"
"12","8","437","18","5.38902052190236","3.20621674248374"
"12","8","833","18","5.47183209357293","3.03735439186249"
"12","8","857","3","5.47613564142755","3.41751982651228"
"12","9","54","6","5.48457962436502","3.50582631499444"
"12","9","196","9","5.45421321763732","3.62299885445992"
"12","9","204","6","5.46810743637847","3.58010172368086"
"12","9","274","3","4.78394758462226","3.27669383371606"
"12","9","300","6","5.38591859325987","3.40524172542449"
"12","9","340","3","5.38539911406842","3.35172019114767"
"12","9","344","9","5.17253599237296","3.67487897241674"
"12","9","437","18","5.31559054658755","3.22891777583122"
"12","9","833","18","5.35484391440633","3.06276327656265"
"12","9","857","3","5.30964531947312","3.31304927938259"
"12","10","54","6","5.51280910662589","3.48184435435738"
"12","10","196","9","5.47487056880103","3.61088045240968"
"12","10","204","6","5.47897263576515","3.59889645673996"
"12","10","274","3","4.93555982249457","3.37360348342077"
"12","10","300","6","5.37089983118302","3.45309286337992"
"12","10","340","3","5.40237136375287","3.42260029927245"
"12","10","344","9","5.1696807709909","3.38159956850215"
"12","10","437","18","5.38684472529415","3.66397035256653"
"12","10","833","18","5.38480533984467","3.34882892236016"
"12","10","857","3","5.40142594125858","3.74582358851122"
