"","recording","startSeconds","endSeconds","blky_1_targetChildProminence","cvai_1_targetChildProminence","eoce_1_targetChildProminence","jkwa_1_targetChildProminence","jvfs_1_targetChildProminence","kfav_1_targetChildProminence","lant_2_targetChildProminence","lskw_1_targetChildProminence","pdav_1_targetChildProminence","pwwr_1_targetChildProminence","qoth_2_targetChildProminence","szch_2_targetChildProminence","vgvn_1_targetChildProminence","xgju_1_targetChildProminence","yzxn_2_targetChildProminence","ztcp_1_targetChildProminence","modal_prominence","clean"
"1","0274_000221_scrubbed.wav",24.38,25.94,1,1,2,1,1,2,2,2,2,2,2,1,1,1,1,2,1,TRUE
"2","0274_000221_scrubbed.wav",29.53,30.13,1,1,2,2,1,1,1,1,3,2,1,1,1,1,1,1,1,TRUE
"3","0274_000221_scrubbed.wav",42.74,43.34,1,2,2,5,2,2,2,2,2,3,2,2,2,1,2,4,2,FALSE
"4","0274_000221_scrubbed.wav",44.29,44.9,1,2,2,2,2,2,2,2,2,2,2,2,2,1,2,2,2,FALSE
"5","0274_000221_scrubbed.wav",60.6,61.2,1,2,2,2,2,2,2,2,2,2,2,1,2,1,2,2,2,FALSE
"6","0274_000221_scrubbed.wav",62,62.77,1,1,2,1,1,1,2,2,2,2,2,1,1,1,1,1,1,TRUE
"7","0274_000221_scrubbed.wav",66.92,67.52,1,1,2,2,2,1,1,1,2,3,2,1,1,1,1,1,1,TRUE
"8","0274_000221_scrubbed.wav",69.85,70.45,1,1,2,1,2,1,1,1,2,2,2,1,1,1,1,1,1,TRUE
"9","0274_000221_scrubbed.wav",92.72,93.48,1,2,2,2,1,2,2,1,2,2,2,1,1,1,1,2,1,TRUE
"10","0274_000221_scrubbed.wav",97.25,97.85,2,1,3,3,1,1,1,1,2,2,2,1,2,1,1,2,1,TRUE
"11","0274_000221_scrubbed.wav",99.91,101.25,2,2,2,2,2,2,2,2,2,2,2,2,2,1,2,2,2,FALSE
"12","0274_000221_scrubbed.wav",107.03,107.83,1,2,2,3,2,2,2,2,2,2,2,2,2,1,2,2,2,FALSE
"13","0274_000221_scrubbed.wav",110.01,110.62,1,5,2,5,2,2,2,2,2,3,2,2,2,1,2,3,2,FALSE
"14","0274_000221_scrubbed.wav",116.87,117.47,1,3,2,4,1,1,1,3,2,3,2,1,1,2,1,2,1,TRUE
"15","0274_000221_scrubbed.wav",118.98,119.9,1,2,1,2,1,1,2,2,2,2,1,1,1,1,2,1,1,TRUE
"16","0274_000221_scrubbed.wav",125.78,126.4,1,1,1,2,1,1,1,1,2,2,1,1,1,1,1,1,1,TRUE
"17","0274_000221_scrubbed.wav",131.84,132.59,1,1,1,2,1,1,1,1,2,2,1,1,1,1,1,1,1,TRUE
"18","0274_000221_scrubbed.wav",136.9,137.55,1,1,1,2,1,1,2,1,2,2,1,1,1,1,1,1,1,TRUE
"19","0274_000221_scrubbed.wav",138.35,138.99,1,1,2,1,1,1,2,1,2,2,1,1,1,1,1,1,1,TRUE
"20","0274_000221_scrubbed.wav",140.07,140.75,1,1,2,2,1,1,1,1,2,2,1,1,1,1,1,1,1,TRUE
"21","0274_000221_scrubbed.wav",145.43,146.05,1,2,1,2,1,2,2,2,2,2,1,1,2,1,2,2,2,FALSE
"22","0274_000221_scrubbed.wav",146.98,147.78,1,2,1,2,1,2,2,2,2,2,2,1,2,1,2,2,2,FALSE
"23","0274_000221_scrubbed.wav",151.64,153.54,1,1,1,1,1,1,1,1,2,2,1,1,1,1,1,1,1,TRUE
"24","0274_000221_scrubbed.wav",154.78,155.42,1,1,1,1,1,1,1,1,2,2,1,1,1,1,1,1,1,TRUE
"25","0274_000221_scrubbed.wav",156.29,157.53,1,3,1,2,2,3,3,2,2,2,2,2,3,1,2,2,2,FALSE
"26","0274_000221_scrubbed.wav",157.53,159.17,1,2,2,2,2,2,2,2,2,2,2,2,2,2,2,2,2,FALSE
"27","0274_000221_scrubbed.wav",161.11,162.2,1,2,1,1,1,1,1,1,2,2,1,1,1,1,1,1,1,TRUE
"28","0274_000221_scrubbed.wav",163.88,164.58,1,1,1,1,1,1,1,1,2,2,1,1,1,1,1,1,1,TRUE
"29","0274_000221_scrubbed.wav",166.18,167.01,1,1,1,1,2,1,1,1,2,2,1,1,1,1,1,1,1,TRUE
"30","0274_000221_scrubbed.wav",168.87,169.67,1,1,4,5,5,1,5,1,2,2,2,1,5,1,1,1,1,TRUE
"31","0274_000221_scrubbed.wav",174.27,175.75,1,2,3,2,2,3,3,2,2,2,2,2,3,2,2,3,2,FALSE
"32","0274_000221_scrubbed.wav",176.75,177.46,1,2,2,1,2,2,2,2,2,2,2,2,2,2,2,2,2,FALSE
"33","0274_000221_scrubbed.wav",177.46,178.47,1,2,1,2,2,3,3,2,2,2,2,2,1,2,1,2,2,FALSE
"34","0274_000221_scrubbed.wav",181.95,183.47,2,2,2,2,2,2,3,2,2,2,2,2,2,2,2,2,2,FALSE
"35","0274_000221_scrubbed.wav",186.08,186.95,2,2,2,2,2,2,2,2,3,2,2,2,2,2,2,2,2,FALSE
"36","0274_000221_scrubbed.wav",188.75,189.35,2,2,3,2,2,3,3,3,3,2,2,2,3,2,2,2,2,FALSE
"37","0274_000221_scrubbed.wav",194.32,194.96,4,2,3,4,3,3,3,4,3,2,2,2,3,3,2,3,3,FALSE
"38","0274_000221_scrubbed.wav",195.86,196.66,2,2,2,2,2,2,2,2,2,2,2,2,2,1,2,2,2,FALSE
"39","0274_000221_scrubbed.wav",197.46,198.27,1,2,2,2,2,3,3,2,2,2,2,2,2,2,2,2,2,FALSE
"40","0274_000221_scrubbed.wav",200.53,202.6,2,2,2,2,2,2,3,2,2,2,2,2,2,2,2,2,2,FALSE
"41","0274_000221_scrubbed.wav",204.58,205.18,2,2,2,2,2,5,5,2,2,2,3,2,2,2,2,3,2,FALSE
"42","0274_000221_scrubbed.wav",206.18,206.78,2,2,2,2,2,2,2,2,3,2,2,2,1,2,2,3,2,FALSE
"43","0274_000221_scrubbed.wav",212.53,213.13,1,2,1,2,2,1,2,2,3,2,2,1,1,2,2,3,2,FALSE
"44","0274_000221_scrubbed.wav",213.93,214.73,2,2,2,2,2,3,2,2,2,2,2,2,3,2,2,2,2,FALSE
"45","0274_000221_scrubbed.wav",219.76,220.39,1,2,2,3,3,2,3,2,4,2,2,2,1,3,2,3,2,FALSE
"46","0274_000221_scrubbed.wav",221.59,222.25,2,2,2,2,3,3,3,2,3,2,2,2,3,3,2,3,2,FALSE
"47","0274_000221_scrubbed.wav",225.55,226.66,2,2,2,5,5,5,5,2,3,3,2,3,5,5,4,3,5,FALSE
"48","0274_000221_scrubbed.wav",234.4,235.03,1,2,2,2,1,1,2,2,2,2,2,1,1,1,1,1,1,TRUE
"49","0274_000221_scrubbed.wav",287.37,287.97,2,2,2,5,5,5,5,5,4,4,2,5,5,5,5,1,5,FALSE
"50","0274_000221_scrubbed.wav",292.19,293.21,5,3,4,5,5,5,5,5,4,4,5,5,5,5,2,2,5,FALSE
"51","0274_000221_scrubbed.wav",297.82,298.42,2,5,4,5,5,2,5,2,4,2,5,5,5,5,2,3,5,FALSE
"52","0274_000221_scrubbed.wav",405.93,408.14,1,4,3,5,5,5,2,2,5,3,5,2,3,5,1,2,5,FALSE
"53","0274_000221_scrubbed.wav",408.94,409.54,2,3,3,5,2,3,3,2,3,3,5,2,3,2,2,3,3,FALSE
"54","0274_000221_scrubbed.wav",410.34,411.52,2,3,2,5,2,3,3,4,3,3,3,3,3,1,2,3,3,FALSE
"55","0274_000221_scrubbed.wav",417.6,420.44,1,2,2,2,2,2,2,2,2,2,2,2,2,1,2,3,2,FALSE
"56","0274_000221_scrubbed.wav",432.49,435.54,1,2,2,2,2,3,2,3,2,2,2,2,2,1,2,2,2,FALSE
"57","0274_000221_scrubbed.wav",501.21,502.47,4,5,5,5,5,5,5,5,4,5,5,5,5,1,5,5,5,FALSE
"58","0274_000221_scrubbed.wav",503.27,507.06,4,5,5,5,5,5,5,5,5,5,5,5,5,1,5,5,5,FALSE
"59","0274_000221_scrubbed.wav",512.52,515.6,5,5,2,5,5,5,5,5,5,5,5,5,5,5,5,5,5,FALSE
"60","0274_000221_scrubbed.wav",515.6,516.2,5,5,5,5,5,5,5,5,5,5,5,5,5,5,5,5,5,FALSE
"61","0274_000221_scrubbed.wav",516.2,518.94,5,5,5,5,5,5,5,5,5,5,5,5,5,5,5,5,5,FALSE
"62","0274_000221_scrubbed.wav",518.94,520.85,4,4,5,5,5,5,5,4,5,5,5,5,5,5,5,5,5,FALSE
"63","0274_000221_scrubbed.wav",525.94,526.54,5,5,5,5,5,5,5,5,5,5,5,5,5,5,5,5,5,FALSE
"64","0274_000221_scrubbed.wav",526.54,527.66,5,5,5,5,5,5,5,5,5,5,5,5,5,5,5,5,5,FALSE
"65","0274_000221_scrubbed.wav",528.29,547.95,5,5,5,5,5,5,5,5,5,5,5,5,5,5,5,5,5,FALSE
"66","0274_000221_scrubbed.wav",548.55,556.76,5,5,5,5,5,5,5,5,5,5,5,5,5,5,5,5,5,FALSE
"67","0274_000221_scrubbed.wav",556.76,557.96,4,5,4,5,4,4,4,5,5,5,4,4,5,5,4,5,4,FALSE
"68","0274_000221_scrubbed.wav",562.81,563.42,4,4,4,5,4,4,4,4,4,5,4,4,3,5,4,4,4,FALSE
"69","0274_000221_scrubbed.wav",565.89,566.63,4,4,4,4,4,4,4,4,4,5,4,4,3,5,4,4,4,FALSE
"70","0274_000221_scrubbed.wav",567.99,568.77,4,3,4,4,4,3,3,4,4,5,4,2,3,4,4,4,4,FALSE
"71","0274_000221_scrubbed.wav",568.77,571.87,4,4,4,4,4,3,4,4,3,4,4,3,3,4,4,4,4,FALSE
"72","0274_000221_scrubbed.wav",571.87,572.67,4,4,4,4,4,3,3,4,4,4,4,3,3,4,4,4,4,FALSE
"73","0274_000221_scrubbed.wav",572.67,573.89,4,4,4,4,3,3,3,4,4,4,4,3,3,4,4,4,4,FALSE
"74","0274_000221_scrubbed.wav",573.89,574.51,4,2,4,3,3,3,4,4,4,4,4,3,3,4,4,4,4,FALSE
"75","0274_000221_scrubbed.wav",574.51,575.73,4,2,4,4,4,3,4,4,4,4,4,3,4,4,4,4,4,FALSE
"76","0274_000221_scrubbed.wav",575.73,576.68,4,3,3,4,3,3,4,4,4,4,4,3,3,4,4,4,4,FALSE
"77","0274_000221_scrubbed.wav",576.68,578.23,4,3,4,4,3,3,4,4,4,4,4,3,3,4,4,4,4,FALSE
"78","0274_000221_scrubbed.wav",578.23,578.83,4,4,4,4,4,4,4,4,4,4,4,3,4,4,4,4,4,FALSE
"79","0274_000221_scrubbed.wav",582.14,582.75,4,4,4,4,5,3,4,4,4,4,4,3,3,4,4,4,4,FALSE
"80","0274_000221_scrubbed.wav",582.75,583.75,4,4,4,4,4,3,4,4,3,4,4,3,3,4,4,4,4,FALSE
"81","0274_000221_scrubbed.wav",583.75,584.37,4,3,4,4,3,3,4,4,3,4,4,3,3,4,4,4,4,FALSE
"82","0274_000221_scrubbed.wav",584.37,585.94,4,3,3,4,3,3,4,4,4,4,4,3,3,4,4,4,4,FALSE
"83","0274_000221_scrubbed.wav",585.94,586.54,4,3,3,4,3,3,3,4,3,4,4,3,3,4,4,4,3,FALSE
"84","0274_000221_scrubbed.wav",586.54,587.6,4,4,3,4,3,3,4,4,4,4,4,3,3,4,4,4,4,FALSE
"85","0274_000221_scrubbed.wav",587.6,588.82,4,4,3,4,4,4,4,4,4,4,4,2,4,4,4,4,4,FALSE
"86","0274_000221_scrubbed.wav",588.82,591.55,4,4,3,4,4,4,4,4,3,3,4,3,3,4,4,4,4,FALSE
"87","0274_000221_scrubbed.wav",591.55,593,4,3,3,4,3,3,3,4,4,3,3,2,3,4,4,4,3,FALSE
"88","0274_000221_scrubbed.wav",593.8,594.47,4,3,3,3,3,3,3,4,3,3,3,2,3,4,4,4,3,FALSE
"89","0274_000221_scrubbed.wav",594.47,596.06,4,4,3,4,4,3,4,4,4,3,3,3,3,4,4,4,4,FALSE
"90","0274_000221_scrubbed.wav",596.06,597.44,4,3,3,4,3,3,3,4,2,3,3,2,3,4,4,3,3,FALSE
"91","0274_000221_scrubbed.wav",597.44,599.23,4,3,3,4,3,3,4,4,2,3,3,3,3,4,4,4,3,FALSE
"92","0274_000221_scrubbed.wav",599.23,602.47,4,3,3,4,3,3,4,3,4,3,3,3,4,4,4,4,3,FALSE
"93","0274_000221_scrubbed.wav",603.27,604.65,3,2,3,3,3,3,3,2,3,3,3,2,2,4,2,2,3,FALSE
"94","0274_000221_scrubbed.wav",605.45,607.13,1,2,2,2,2,2,2,2,2,3,2,1,2,2,1,2,2,FALSE
"95","0274_000221_scrubbed.wav",607.99,609.26,1,2,2,2,2,2,2,2,2,3,2,2,2,1,2,2,2,FALSE
"96","0274_000221_scrubbed.wav",610.06,611.12,2,2,2,2,2,2,3,3,2,3,2,2,2,1,2,2,2,FALSE
"97","0274_000221_scrubbed.wav",612.44,613.25,2,2,2,2,2,2,2,2,3,3,2,2,2,1,2,2,2,FALSE
"98","0274_000221_scrubbed.wav",614.05,614.65,1,2,1,2,2,2,2,2,2,3,2,1,2,1,2,2,2,FALSE
"99","0274_000221_scrubbed.wav",615.7,616.71,5,3,5,5,5,4,5,5,2,4,5,5,5,5,5,5,5,FALSE
"100","0274_000221_scrubbed.wav",727.14,727.75,4,3,5,5,5,1,5,5,3,3,5,5,5,5,2,5,5,FALSE
"101","0274_000221_scrubbed.wav",773.1,773.71,1,3,2,2,2,2,2,2,4,3,2,2,1,1,1,2,2,FALSE
"102","0274_000221_scrubbed.wav",931.18,931.78,2,3,3,3,2,3,3,3,3,3,3,5,4,5,3,3,3,FALSE
"103","0274_000221_scrubbed.wav",1022.71,1023.64,5,5,5,5,5,5,5,5,2,2,5,5,5,1,5,5,5,FALSE
"104","0274_000221_scrubbed.wav",1093.95,1094.65,5,4,5,5,5,5,5,5,5,4,5,5,5,5,5,5,5,FALSE
"105","0274_000221_scrubbed.wav",1121.57,1122.23,4,5,5,2,5,5,5,5,5,4,5,5,5,5,5,5,5,FALSE
"106","0274_000221_scrubbed.wav",1148.77,1149.51,5,5,5,5,5,5,5,5,5,2,5,5,5,5,5,5,5,FALSE
"107","0274_000221_scrubbed.wav",1162.01,1162.61,5,2,5,2,3,5,2,2,5,2,5,5,2,5,5,2,5,FALSE
"108","0274_000221_scrubbed.wav",1163.41,1164.12,5,2,2,2,5,5,5,5,3,2,5,5,2,1,5,5,5,FALSE
"109","0274_000221_scrubbed.wav",1165.07,1165.67,5,2,2,2,5,5,5,5,5,2,5,5,2,5,5,5,5,FALSE
"110","0274_000221_scrubbed.wav",1194.09,1194.77,5,2,2,2,5,5,5,2,5,2,5,5,2,1,5,5,5,FALSE
"111","0274_000221_scrubbed.wav",1200.29,1200.89,2,2,2,5,2,3,2,1,5,3,2,5,1,1,2,5,2,FALSE
"112","0274_000221_scrubbed.wav",1201.7,1202.3,3,3,2,5,5,3,3,5,5,3,3,5,3,4,2,5,3,FALSE
"113","0274_000221_scrubbed.wav",1209.32,1210.16,5,2,1,2,5,5,5,5,5,2,5,5,5,5,5,5,5,FALSE
"114","0274_000221_scrubbed.wav",1211.13,1212.39,5,2,2,2,5,4,4,5,5,3,5,5,5,5,5,5,5,FALSE
"115","0274_000221_scrubbed.wav",1213.97,1214.97,5,5,2,3,5,5,5,2,5,4,5,5,3,5,5,5,5,FALSE
"116","0274_000221_scrubbed.wav",1219.56,1221.56,5,5,2,2,5,5,5,2,5,4,5,5,2,5,2,5,5,FALSE
"117","0274_000221_scrubbed.wav",1224.53,1225.38,5,3,2,2,5,3,3,4,5,2,5,5,3,5,2,5,5,FALSE
"118","0274_000221_scrubbed.wav",1229.03,1230.89,5,4,4,2,5,4,5,3,5,5,5,5,4,5,4,5,5,FALSE
"119","0274_000221_scrubbed.wav",1239.59,1240.19,5,2,2,2,5,5,5,5,5,4,5,5,2,5,5,5,5,FALSE
"120","0274_000221_scrubbed.wav",1248.68,1249.56,5,5,2,2,5,5,5,5,5,2,5,5,5,5,2,5,5,FALSE
"121","0274_000221_scrubbed.wav",1250.59,1251.38,5,5,2,2,5,5,5,5,5,2,5,5,5,5,2,5,5,FALSE
"122","0274_000221_scrubbed.wav",1253.9,1254.97,5,3,2,2,5,5,5,5,5,2,5,5,5,5,2,5,5,FALSE
"123","0274_000221_scrubbed.wav",1256.27,1257.49,5,5,3,3,5,5,5,5,5,2,5,5,5,5,5,5,5,FALSE
"124","0274_000221_scrubbed.wav",1259.2,1260.13,5,5,2,3,5,5,5,5,5,2,5,5,2,5,5,5,5,FALSE
"125","0274_000221_scrubbed.wav",1261.16,1261.77,5,3,1,2,5,5,5,5,5,2,5,5,2,5,5,5,5,FALSE
"126","0274_000221_scrubbed.wav",1262.77,1263.41,5,2,1,2,5,5,5,5,5,2,5,5,2,5,5,5,5,FALSE
"127","0274_000221_scrubbed.wav",1265.74,1266.79,5,5,2,2,5,5,5,5,5,2,5,5,2,5,5,5,5,FALSE
"128","0274_000221_scrubbed.wav",1266.79,1267.83,5,5,2,2,5,5,5,5,5,2,5,5,5,5,5,5,5,FALSE
"129","0274_000221_scrubbed.wav",1267.83,1268.44,5,5,2,2,5,5,4,5,5,2,5,5,4,5,5,5,5,FALSE
"130","0274_000221_scrubbed.wav",1276.47,1277.48,5,5,2,2,5,5,5,5,5,2,5,5,2,5,5,5,5,FALSE
"131","0274_000221_scrubbed.wav",1278.97,1280.06,5,5,4,4,5,5,5,5,5,2,5,5,4,5,5,5,5,FALSE
"132","0274_000221_scrubbed.wav",1280.06,1280.79,5,5,2,2,5,5,5,5,5,2,5,5,5,5,5,5,5,FALSE
"133","0274_000221_scrubbed.wav",1280.79,1282.11,5,4,2,5,5,3,5,5,5,2,5,4,3,5,2,5,5,FALSE
"134","0274_000221_scrubbed.wav",1282.11,1282.83,5,5,2,2,5,5,5,5,5,2,5,5,5,5,5,5,5,FALSE
"135","0274_000221_scrubbed.wav",1324.37,1324.97,5,5,2,2,5,5,5,5,5,2,5,5,5,5,5,5,5,FALSE
"136","0274_000221_scrubbed.wav",1336.63,1337.23,5,5,2,2,5,5,5,2,5,2,2,5,2,5,5,5,5,FALSE
"137","0274_000221_scrubbed.wav",1522.7,1525.03,5,3,2,2,5,5,5,2,5,2,2,5,5,1,2,5,5,FALSE
"138","0274_000221_scrubbed.wav",1525.84,1526.86,5,2,2,2,5,4,4,5,5,2,5,5,2,1,2,5,5,FALSE
"139","0274_000221_scrubbed.wav",1535.96,1537.85,5,5,2,2,5,5,5,5,5,2,5,5,5,5,5,5,5,FALSE
"140","0274_000221_scrubbed.wav",1551.13,1551.73,5,4,2,2,4,2,3,5,2,3,2,5,2,5,5,5,2,FALSE
"141","0274_000221_scrubbed.wav",1554.45,1555.05,5,3,2,2,5,5,5,5,5,2,2,5,2,5,2,5,5,FALSE
"142","0274_000221_scrubbed.wav",1557.09,1557.69,5,2,1,3,5,5,5,2,5,2,2,5,2,5,2,5,5,FALSE
"143","0274_000221_scrubbed.wav",1560.53,1562.83,5,2,2,2,5,5,5,5,5,2,2,5,2,5,2,5,5,FALSE
"144","0274_000221_scrubbed.wav",1563.63,1564.9,5,4,2,5,5,4,4,2,5,2,4,5,3,5,4,4,4,FALSE
"145","0274_000221_scrubbed.wav",1568.54,1569.33,5,2,1,2,5,5,4,5,5,2,5,5,2,5,5,5,5,FALSE
"146","0274_000221_scrubbed.wav",1571.94,1572.54,5,2,1,2,5,5,5,2,5,2,5,5,1,5,5,5,5,FALSE
"147","0274_000221_scrubbed.wav",1575.46,1576.09,5,2,2,2,5,5,5,5,5,2,5,5,2,5,5,5,5,FALSE
"148","0274_000221_scrubbed.wav",1579.19,1579.79,5,2,1,2,5,5,5,2,5,2,5,5,1,5,5,5,5,FALSE
"149","0274_000221_scrubbed.wav",1579.79,1580.79,5,2,2,2,5,5,5,5,5,2,5,5,2,5,5,4,5,FALSE
"150","0274_000221_scrubbed.wav",1596.12,1596.78,5,3,2,3,4,4,4,2,5,2,5,5,2,5,5,4,5,FALSE
"151","0274_000221_scrubbed.wav",1612.45,1613.51,5,2,2,2,5,5,5,5,5,2,5,5,2,5,5,5,5,FALSE
"152","0274_000221_scrubbed.wav",1630.8,1631.42,5,2,2,1,5,5,5,5,5,4,5,5,1,5,5,5,5,FALSE
"153","0274_000221_scrubbed.wav",1632.24,1632.9,5,2,2,2,5,5,5,5,5,4,5,5,2,5,5,5,5,FALSE
"154","0274_000221_scrubbed.wav",1757.09,1758.15,5,2,2,2,5,5,5,5,5,4,5,5,1,5,5,5,5,FALSE
"155","0274_000221_scrubbed.wav",1759.6,1760.2,5,2,2,4,5,4,4,2,5,5,5,5,1,5,2,4,5,FALSE
"156","0274_000221_scrubbed.wav",1760.2,1761.08,5,2,2,2,5,5,5,5,5,4,5,5,1,1,5,2,5,FALSE
"157","0274_000221_scrubbed.wav",1761.08,1761.98,5,2,1,1,5,5,5,5,5,4,5,5,1,1,5,5,5,FALSE
"158","0274_000221_scrubbed.wav",1764.44,1765.87,5,2,1,1,5,5,5,5,5,4,5,5,1,5,5,5,5,FALSE
"159","0274_000221_scrubbed.wav",1815.35,1815.96,5,4,5,5,5,5,5,5,5,4,5,5,5,5,5,5,5,FALSE
"160","0274_000221_scrubbed.wav",1826.16,1826.77,5,2,5,1,2,5,1,2,2,2,2,1,1,1,2,2,2,FALSE
"161","0274_000221_scrubbed.wav",1831.73,1832.34,5,2,5,2,2,2,2,2,2,2,2,2,2,2,2,3,2,FALSE
"162","0274_000221_scrubbed.wav",1884.61,1885.66,5,2,2,5,2,2,2,2,5,2,3,1,1,1,2,3,2,FALSE
"163","0274_000221_scrubbed.wav",1887.42,1888.1,5,2,1,2,2,3,2,2,5,2,2,2,2,1,2,2,2,FALSE
"164","0274_000221_scrubbed.wav",1890.74,1891.93,5,2,3,4,5,4,5,5,5,2,5,4,4,5,4,4,5,FALSE
"165","0274_000221_scrubbed.wav",1892.73,1893.73,5,4,2,4,5,5,5,5,5,4,5,5,5,4,5,5,5,FALSE
"166","0274_000221_scrubbed.wav",1893.73,1896.02,5,3,3,4,5,5,4,5,5,4,5,5,5,5,5,5,5,FALSE
"167","0274_000221_scrubbed.wav",1896.02,1897.02,5,5,5,5,5,5,5,5,5,4,5,5,5,5,5,5,5,FALSE
"168","0274_000221_scrubbed.wav",1897.02,1899.91,5,4,3,4,5,5,5,5,5,4,5,5,5,5,5,5,5,FALSE
"169","0274_000221_scrubbed.wav",1899.91,1900.95,5,4,3,4,5,5,5,5,5,4,5,5,5,5,5,5,5,FALSE
"170","0274_000221_scrubbed.wav",1900.95,1901.55,5,5,4,4,5,5,5,5,5,4,5,5,5,5,5,5,5,FALSE
"171","0274_000221_scrubbed.wav",1903.48,1905.55,5,5,5,5,5,5,5,5,5,4,5,5,5,5,5,5,5,FALSE
"172","0274_000221_scrubbed.wav",1905.55,1906.25,5,5,5,5,5,5,5,5,5,4,5,5,5,5,5,5,5,FALSE
"173","0274_000221_scrubbed.wav",1906.25,1910.08,5,5,5,5,5,5,5,5,5,4,5,5,5,5,5,5,5,FALSE
"174","0274_000221_scrubbed.wav",1910.68,1912.38,5,5,5,5,5,5,5,5,5,4,5,5,5,5,5,5,5,FALSE
"175","0274_000221_scrubbed.wav",1912.38,1913.14,5,4,5,5,5,5,5,5,5,4,5,5,5,5,5,5,5,FALSE
"176","0274_000221_scrubbed.wav",1915.05,1915.72,5,5,5,5,5,5,5,5,5,4,5,5,5,5,5,5,5,FALSE
"177","0274_000221_scrubbed.wav",1924.64,1925.64,5,5,5,5,5,5,5,5,5,4,5,5,5,5,5,5,5,FALSE
"178","0274_000221_scrubbed.wav",1925.64,1926.26,5,4,5,5,5,5,5,5,5,4,5,5,5,5,5,5,5,FALSE
"179","0274_000221_scrubbed.wav",1926.26,1933.56,5,5,5,5,5,5,5,5,5,4,5,5,5,5,5,5,5,FALSE
"180","0274_000221_scrubbed.wav",1934.16,1936,5,5,5,5,5,5,5,5,5,4,5,5,5,5,5,5,5,FALSE
"181","0274_000221_scrubbed.wav",1936.99,1938.97,5,5,5,5,5,5,5,5,5,4,5,5,5,5,5,5,5,FALSE
"182","0274_000221_scrubbed.wav",1938.97,1939.68,5,5,5,5,5,5,5,5,5,4,5,5,5,5,5,5,5,FALSE
"183","0274_000221_scrubbed.wav",1939.68,1941.7,5,5,5,5,5,5,5,5,5,4,5,5,5,5,5,5,5,FALSE
"184","0274_000221_scrubbed.wav",1941.7,1942.3,5,5,5,5,5,5,5,5,5,4,5,5,5,5,5,5,5,FALSE
"185","0274_000221_scrubbed.wav",1942.3,1951.56,5,5,5,5,5,5,5,5,5,4,5,5,5,5,5,5,5,FALSE
"186","0274_000221_scrubbed.wav",1951.56,1952.44,5,5,5,5,5,5,5,5,5,4,5,5,5,5,5,5,5,FALSE
"187","0274_000221_scrubbed.wav",1952.44,1964.45,5,5,5,5,5,5,5,5,5,4,5,5,5,5,5,5,5,FALSE
"188","0274_000221_scrubbed.wav",1966.17,1967.17,5,4,4,5,5,5,5,5,5,4,5,5,5,5,5,5,5,FALSE
"189","0274_000221_scrubbed.wav",1967.17,1968.6,5,5,5,5,5,5,5,5,5,4,5,5,5,5,5,5,5,FALSE
"190","0274_000221_scrubbed.wav",1975.15,1976.5,5,5,5,5,5,5,5,5,5,4,5,5,5,5,5,5,5,FALSE
"191","0274_000221_scrubbed.wav",1985.65,1996.5,5,5,5,5,5,5,5,5,5,4,5,5,5,5,5,5,5,FALSE
"192","0274_000221_scrubbed.wav",2002.55,2014.98,5,5,5,5,5,5,5,5,5,4,5,5,5,5,5,5,5,FALSE
"193","0274_000221_scrubbed.wav",2016.07,2027.7,5,5,5,5,5,5,5,5,5,5,5,5,5,5,5,5,5,FALSE
"194","0274_000221_scrubbed.wav",2040.95,2043.9,5,5,5,5,5,5,5,5,5,5,5,5,5,5,5,5,5,FALSE
"195","0274_000221_scrubbed.wav",2072.55,2079.7,5,5,5,5,5,5,5,5,5,5,5,5,5,5,5,5,5,FALSE
"196","0274_000221_scrubbed.wav",2136.75,2138,5,5,5,5,5,5,5,5,5,5,5,5,5,5,5,5,5,FALSE
"197","0274_000221_scrubbed.wav",2138,2138.6,5,5,5,5,5,5,5,5,5,5,5,5,5,5,5,5,5,FALSE
"198","0274_000221_scrubbed.wav",2138.6,2139.85,5,5,5,5,5,5,5,5,5,5,5,5,5,5,5,5,5,FALSE
"199","0274_000221_scrubbed.wav",2139.85,2140.55,5,4,4,5,5,4,5,5,5,5,5,5,5,5,5,5,5,FALSE
"200","0274_000221_scrubbed.wav",2140.55,2145.96,5,5,5,5,5,5,5,5,5,5,5,5,5,5,5,5,5,FALSE
"201","0274_000221_scrubbed.wav",2145.96,2147,5,5,5,5,5,5,5,5,5,5,5,5,5,5,5,5,5,FALSE
"202","0274_000221_scrubbed.wav",2148,2151.26,5,5,5,5,5,5,5,5,5,5,5,5,5,5,5,5,5,FALSE
"203","0274_000221_scrubbed.wav",2151.26,2151.99,5,5,5,5,5,5,5,5,5,5,5,5,5,5,5,5,5,FALSE
"204","0274_000221_scrubbed.wav",2151.99,2153.9,5,5,5,5,5,5,5,5,5,4,5,5,5,5,5,5,5,FALSE
"205","0274_000221_scrubbed.wav",2153.9,2154.51,5,5,5,5,5,5,5,5,5,4,5,5,5,5,5,5,5,FALSE
"206","0274_000221_scrubbed.wav",2154.51,2155.71,5,5,5,5,5,5,5,5,5,4,5,5,5,5,5,5,5,FALSE
"207","0274_000221_scrubbed.wav",2155.71,2156.46,5,4,5,5,5,5,5,5,3,5,5,5,5,5,5,5,5,FALSE
"208","0274_000221_scrubbed.wav",2156.46,2161.16,5,4,5,5,5,5,5,5,5,5,5,5,5,5,5,5,5,FALSE
"209","0274_000221_scrubbed.wav",2161.16,2161.77,5,5,5,5,5,5,5,5,2,5,5,5,5,5,5,5,5,FALSE
"210","0274_000221_scrubbed.wav",2161.77,2168.03,5,5,5,5,5,5,5,5,5,5,5,5,5,5,5,5,5,FALSE
"211","0274_000221_scrubbed.wav",2172.51,2176.2,5,5,5,5,5,5,5,5,5,5,5,5,5,5,5,5,5,FALSE
"212","0274_000221_scrubbed.wav",2190.32,2200.2,5,5,5,5,5,5,5,5,5,5,5,5,5,5,5,5,5,FALSE
"213","0274_000221_scrubbed.wav",2235.85,2255.59,5,5,5,5,5,5,5,5,5,5,5,5,5,5,5,5,5,FALSE
"214","0274_000221_scrubbed.wav",2255.59,2256.19,5,5,4,5,5,4,4,5,5,5,5,5,4,5,4,5,5,FALSE
"215","0274_000221_scrubbed.wav",2264.21,2264.86,5,5,5,5,5,5,5,5,5,4,5,5,5,5,5,5,5,FALSE
"216","0274_000221_scrubbed.wav",2323.19,2332.83,5,5,4,5,5,5,5,5,5,5,5,5,5,5,5,5,5,FALSE
"217","0274_000221_scrubbed.wav",2342.83,2343.48,5,5,5,5,5,5,4,5,5,5,5,5,4,5,4,5,5,FALSE
"218","0274_000221_scrubbed.wav",2345.29,2346.7,5,5,5,5,5,5,5,5,4,5,5,5,5,5,5,5,5,FALSE
"219","0274_000221_scrubbed.wav",2347.82,2349.47,5,5,5,5,5,5,5,5,5,5,5,5,5,5,5,5,5,FALSE
"220","0274_000221_scrubbed.wav",2352.11,2353.47,5,5,5,5,5,5,5,5,5,5,5,5,5,5,5,5,5,FALSE
"221","0274_000221_scrubbed.wav",2360.72,2361.37,4,4,4,4,4,3,4,4,4,4,5,4,4,5,4,4,4,FALSE
"222","0274_000221_scrubbed.wav",2361.37,2362.37,4,5,5,5,5,5,5,5,5,4,5,5,5,5,5,4,5,FALSE
"223","0274_000221_scrubbed.wav",2367.76,2368.36,4,5,5,5,5,5,5,5,5,4,5,5,5,5,5,5,5,FALSE
"224","0274_000221_scrubbed.wav",2369.29,2370.04,4,5,5,5,5,5,5,5,5,5,5,5,5,5,5,5,5,FALSE
"225","0274_000221_scrubbed.wav",2370.04,2371.51,5,5,5,5,5,5,5,5,5,5,5,5,5,5,5,5,5,FALSE
"226","0274_000221_scrubbed.wav",2372.18,2377.91,5,5,5,5,5,5,5,5,5,5,5,5,5,5,5,5,5,FALSE
"227","0274_000221_scrubbed.wav",2378.71,2380.09,5,5,5,5,5,5,5,5,5,5,5,5,5,5,5,5,5,FALSE
"228","0274_000221_scrubbed.wav",2380.09,2383.5,5,5,5,5,5,5,5,5,5,5,5,5,5,5,5,5,5,FALSE
"229","0274_000221_scrubbed.wav",2383.5,2384.1,5,4,5,4,5,5,5,5,5,5,5,5,5,5,5,5,5,FALSE
"230","0274_000221_scrubbed.wav",2391.14,2392.75,5,5,5,5,5,5,5,5,5,5,5,5,5,5,5,5,5,FALSE
"231","0274_000221_scrubbed.wav",2393.35,2396.51,5,5,5,5,5,5,5,5,5,5,5,5,5,5,5,5,5,FALSE
"232","0274_000221_scrubbed.wav",2396.51,2397.87,5,5,5,4,5,5,5,5,5,5,5,5,5,5,5,5,5,FALSE
"233","0274_000221_scrubbed.wav",2397.87,2401.05,5,5,5,5,5,5,5,5,5,5,5,5,5,5,5,5,5,FALSE
"234","0274_000221_scrubbed.wav",2401.66,2405.15,5,5,5,5,5,5,5,5,5,5,5,5,5,5,5,5,5,FALSE
"235","0274_000221_scrubbed.wav",2405.95,2414.6,5,5,5,5,5,5,5,5,5,5,5,5,5,5,5,5,5,FALSE
"236","0274_000221_scrubbed.wav",2425.24,2429.13,5,5,5,5,5,5,5,5,5,5,5,5,5,5,5,5,5,FALSE
"237","0274_000221_scrubbed.wav",2429.93,2431.8,5,5,5,5,5,5,5,5,5,5,5,5,5,5,5,5,5,FALSE
"238","0274_000221_scrubbed.wav",2431.8,2432.4,5,5,5,5,5,5,5,5,5,5,5,5,5,5,5,5,5,FALSE
"239","0274_000221_scrubbed.wav",2432.4,2433.42,5,5,5,5,5,5,5,5,5,5,5,5,5,5,5,5,5,FALSE
"240","0274_000221_scrubbed.wav",2441.38,2442.84,5,5,5,5,5,5,5,5,5,4,5,5,5,5,5,5,5,FALSE
"241","0274_000221_scrubbed.wav",2445.84,2461.39,5,5,5,5,5,5,5,5,5,4,5,5,5,5,5,5,5,FALSE
"242","0274_000221_scrubbed.wav",2461.39,2461.99,4,5,5,4,5,5,4,4,5,5,5,5,5,5,4,5,5,FALSE
"243","0274_000221_scrubbed.wav",2476.77,2485.01,5,5,5,5,5,5,5,5,5,5,5,5,5,5,5,5,5,FALSE
"244","0274_000221_scrubbed.wav",2486.06,2486.88,5,5,5,5,5,5,5,5,5,5,5,5,5,5,5,5,5,FALSE
"245","0274_000221_scrubbed.wav",2490,2491.76,5,5,5,5,5,5,5,5,5,5,5,5,5,5,5,5,5,FALSE
"246","0274_000221_scrubbed.wav",2491.76,2498.17,5,5,5,5,5,5,5,5,4,5,5,5,5,5,5,5,5,FALSE
"247","0274_000221_scrubbed.wav",2501.89,2502.49,5,5,5,5,5,5,5,5,5,5,5,5,4,5,4,5,5,FALSE
"248","0274_000221_scrubbed.wav",2564.19,2564.79,4,4,2,5,2,5,5,5,2,5,5,5,1,2,5,3,5,FALSE
"249","0274_000221_scrubbed.wav",2577.48,2578.1,5,4,2,5,3,5,5,4,5,5,5,5,2,5,5,2,5,FALSE
"250","0274_000221_scrubbed.wav",2587.9,2589.47,5,5,5,5,5,5,5,5,5,4,5,5,5,5,5,5,5,FALSE
"251","0274_000221_scrubbed.wav",2612.49,2613.21,5,2,2,2,5,5,5,5,5,4,5,5,5,5,5,5,5,FALSE
"252","0274_000221_scrubbed.wav",2621.9,2622.92,4,2,2,3,3,3,3,4,5,4,2,3,3,5,2,3,3,FALSE
"253","0274_000221_scrubbed.wav",2625.43,2626.24,3,2,3,3,2,3,3,4,4,2,2,3,3,3,2,3,3,FALSE
"254","0274_000221_scrubbed.wav",2635.45,2636.37,4,3,4,4,5,5,5,5,5,4,5,4,5,5,4,5,5,FALSE
"255","0274_000221_scrubbed.wav",2778.93,2779.56,5,4,5,3,5,5,5,5,5,4,5,5,5,5,5,5,5,FALSE
"256","0274_000221_scrubbed.wav",2836.72,2838.04,5,5,5,3,5,5,5,5,5,4,5,5,5,5,5,5,5,FALSE
"257","0274_000221_scrubbed.wav",2870.6,2871.2,4,3,2,2,2,3,2,3,4,4,5,2,2,4,2,4,2,FALSE
"258","0274_000221_scrubbed.wav",2884.76,2885.37,5,2,5,2,5,5,5,5,5,4,5,5,5,5,5,5,5,FALSE
"259","0274_000221_scrubbed.wav",2926.87,2927.65,5,2,5,2,5,5,5,5,5,4,5,5,5,5,5,5,5,FALSE
"260","0274_000221_scrubbed.wav",2929.24,2929.97,5,2,5,2,5,5,5,5,5,4,5,5,5,5,5,5,5,FALSE
"261","0274_000221_scrubbed.wav",3107.26,3108.22,5,2,2,3,3,2,2,2,5,2,2,2,2,2,2,2,2,FALSE
"262","0274_000221_scrubbed.wav",3147.37,3147.97,5,2,2,2,2,2,2,1,4,2,2,1,2,2,1,2,2,FALSE
"263","0274_000221_scrubbed.wav",3197.15,3197.8,5,2,2,2,2,2,2,1,4,2,2,1,2,1,1,2,2,FALSE
"264","0274_000221_scrubbed.wav",3274.86,3275.46,5,2,2,2,2,2,2,2,2,2,2,1,2,1,2,2,2,FALSE
"265","0274_000221_scrubbed.wav",3277.81,3278.41,5,2,5,2,2,2,2,1,2,2,2,2,2,1,2,2,2,FALSE
"266","0274_000221_scrubbed.wav",3334.37,3335.02,2,2,2,2,2,2,2,2,2,2,2,2,2,1,2,2,2,FALSE
"267","0274_000221_scrubbed.wav",3336.18,3336.85,2,2,2,2,2,2,2,2,2,2,2,2,2,1,2,2,2,FALSE
"268","0274_000221_scrubbed.wav",3418.46,3419.07,1,2,2,2,2,2,2,2,2,2,2,2,2,1,1,2,2,FALSE
"269","0274_000221_scrubbed.wav",3432.12,3433.12,1,2,2,2,2,2,2,2,2,2,2,2,2,1,5,2,2,FALSE
"270","0274_000221_scrubbed.wav",3438.75,3439.35,1,2,2,2,2,1,2,2,2,2,2,1,2,1,1,2,2,FALSE
"271","0274_000221_scrubbed.wav",3445.17,3445.97,1,2,2,2,2,2,2,2,2,2,2,2,2,1,2,2,2,FALSE
"272","0274_000221_scrubbed.wav",3447.12,3447.72,1,2,2,2,2,2,2,2,2,2,2,2,2,1,2,2,2,FALSE
"273","0274_000221_scrubbed.wav",3462.78,3463.41,1,2,2,2,2,2,2,2,2,2,2,2,2,1,2,2,2,FALSE
"274","0274_000221_scrubbed.wav",3470.05,3470.66,4,2,2,5,3,3,3,4,2,3,2,2,2,1,2,2,2,FALSE
"275","0274_000221_scrubbed.wav",3471.55,3472.4,4,2,2,4,3,2,3,2,2,3,2,1,2,1,2,2,2,FALSE
"276","0274_000221_scrubbed.wav",3478.74,3481.07,1,2,2,2,2,2,2,2,2,2,2,1,2,1,1,2,2,FALSE
"277","0274_000221_scrubbed.wav",3481.87,3482.84,2,2,2,2,2,2,2,2,2,2,2,2,2,1,2,2,2,FALSE
"278","0274_000221_scrubbed.wav",3491.59,3492.25,2,3,2,5,2,2,5,2,2,2,2,1,5,1,2,5,2,FALSE
"279","0274_000221_scrubbed.wav",3498.44,3499.04,2,4,2,5,5,5,5,2,4,2,3,1,5,1,2,5,5,FALSE
"280","0274_000221_scrubbed.wav",3500.79,3501.39,2,5,5,5,5,5,5,2,5,2,3,2,5,5,5,5,5,FALSE
"281","0274_000221_scrubbed.wav",3511.25,3512.13,4,4,5,5,5,5,5,2,5,4,5,5,5,5,5,5,5,FALSE
"282","0274_000221_scrubbed.wav",3524.99,3525.6,4,3,5,5,5,5,5,2,5,4,5,5,5,5,2,5,5,FALSE
"283","0274_000221_scrubbed.wav",3527.62,3528.5,4,5,2,4,5,5,5,4,4,4,5,5,5,2,5,4,5,FALSE
"284","0274_000221_scrubbed.wav",3528.5,3529.36,5,2,2,2,5,5,5,3,3,4,5,5,2,2,1,4,5,FALSE
"285","0274_000221_scrubbed.wav",3548.77,3549.38,5,2,2,2,5,5,5,5,3,4,5,5,2,2,2,5,5,FALSE
"286","0274_000221_scrubbed.wav",3554.97,3555.58,1,2,2,2,2,5,2,1,2,4,2,2,2,2,1,2,2,FALSE
"287","0274_000221_scrubbed.wav",3626.05,3626.65,1,2,2,2,2,5,2,2,2,2,2,2,2,1,2,3,2,FALSE
"288","0274_000221_scrubbed.wav",3645.21,3646.02,1,2,2,3,2,3,2,2,2,2,2,2,2,1,2,2,2,FALSE
"289","0274_000221_scrubbed.wav",3686.82,3687.42,1,2,2,2,3,3,3,4,4,2,2,2,2,1,2,2,2,FALSE
"290","0274_000221_scrubbed.wav",3807.61,3808.24,1,2,2,2,2,2,2,2,2,2,2,1,2,1,2,2,2,FALSE
"291","0274_000221_scrubbed.wav",3825.12,3825.72,1,2,2,5,2,1,2,2,5,2,2,1,2,1,1,2,2,FALSE
"292","0274_000221_scrubbed.wav",3841.99,3842.6,1,2,2,2,2,1,2,1,4,2,2,1,2,1,1,2,2,FALSE
"293","0274_000221_scrubbed.wav",3907.99,3908.6,1,2,2,3,2,2,2,2,2,3,2,2,2,1,2,2,2,FALSE
"294","0274_000221_scrubbed.wav",3986.69,3987.39,1,2,2,5,2,2,2,2,2,3,2,1,2,1,1,2,2,FALSE
"295","0274_000221_scrubbed.wav",4018.31,4018.94,1,2,2,3,2,2,2,2,5,3,2,1,2,1,1,1,2,FALSE
"296","0274_000221_scrubbed.wav",4061.69,4062.29,1,2,2,4,2,2,2,2,2,2,2,1,2,1,2,2,2,FALSE
"297","0274_000221_scrubbed.wav",4075.55,4076.15,5,3,2,5,2,2,2,5,2,2,2,1,2,1,1,2,2,FALSE
"298","0274_000221_scrubbed.wav",4157.44,4158.04,1,3,2,5,3,2,2,2,2,3,2,1,2,1,2,2,2,FALSE
"299","0274_000221_scrubbed.wav",4216.61,4217.79,2,3,2,4,2,2,2,2,2,2,2,2,2,1,2,2,2,FALSE
"300","0274_000221_scrubbed.wav",4672.34,4673.03,4,2,2,5,3,3,5,4,4,2,5,2,5,1,2,5,2,FALSE
"301","0274_000221_scrubbed.wav",7080.6,7081.2,1,2,2,2,2,2,2,3,4,2,2,2,2,1,2,3,2,FALSE
"302","0274_000221_scrubbed.wav",7087.75,7088.35,1,2,2,2,5,3,4,4,2,2,2,3,3,1,2,2,2,FALSE
"303","0274_000221_scrubbed.wav",9543.12,9543.79,1,2,2,2,2,2,2,2,2,2,2,2,2,1,2,2,2,FALSE
"304","0274_000221_scrubbed.wav",9580.67,9581.27,1,2,2,2,2,3,3,2,2,2,2,2,2,1,2,2,2,FALSE
"305","0274_000221_scrubbed.wav",10551.67,10552.27,1,2,2,2,2,2,2,2,2,2,2,2,2,1,2,2,2,FALSE
"306","0274_000221_scrubbed.wav",10653.84,10654.47,5,5,5,2,5,5,5,5,5,2,2,5,5,1,5,5,5,FALSE
"307","0274_000221_scrubbed.wav",10662.43,10663.05,5,5,5,2,5,5,5,5,2,5,5,5,5,5,5,5,5,FALSE
"308","0274_000221_scrubbed.wav",10664.01,10664.78,5,5,5,2,5,5,5,5,5,5,5,5,5,5,5,5,5,FALSE
"309","0274_000221_scrubbed.wav",12868.5,12869.1,2,2,2,2,2,2,3,3,2,2,2,2,2,2,2,2,2,FALSE
"310","0274_000221_scrubbed.wav",13347.29,13348.52,5,5,5,2,5,5,5,5,5,5,5,5,5,5,5,5,5,FALSE
"311","0274_000221_scrubbed.wav",13350.02,13351.22,5,5,5,2,5,5,5,5,5,5,5,5,5,5,5,5,5,FALSE
"312","0274_000221_scrubbed.wav",13355.35,13356.08,5,5,5,2,5,5,5,5,5,5,5,5,5,5,5,5,5,FALSE
"313","0274_000221_scrubbed.wav",13363.37,13363.99,5,5,5,2,5,5,5,5,5,5,5,5,5,5,5,5,5,FALSE
"314","0274_000221_scrubbed.wav",13621.42,13622.51,5,5,5,5,5,5,5,5,5,5,5,5,5,5,5,5,5,FALSE
"315","0274_000221_scrubbed.wav",13624.89,13625.6,5,4,5,4,5,5,5,5,5,5,5,5,5,5,5,5,5,FALSE
"316","0274_000221_scrubbed.wav",13629.28,13629.93,5,4,5,3,5,5,5,5,5,5,4,2,5,5,5,5,5,FALSE
"317","0274_000221_scrubbed.wav",13629.93,13630.93,5,5,5,3,5,5,5,5,5,5,5,5,5,5,5,5,5,FALSE
"318","0274_000221_scrubbed.wav",13631.78,13632.58,5,5,5,3,5,5,5,5,5,5,5,5,4,5,4,4,5,FALSE
"319","0274_000221_scrubbed.wav",13632.58,13633.4,5,4,5,2,5,5,5,4,5,5,5,5,4,5,5,5,5,FALSE
"320","0274_000221_scrubbed.wav",13634.37,13635.48,5,5,5,3,5,5,5,5,5,2,5,5,5,5,5,5,5,FALSE
"321","0274_000221_scrubbed.wav",13636.33,13637.35,5,5,5,5,5,5,5,5,5,5,5,5,4,5,5,5,5,FALSE
"322","0274_000221_scrubbed.wav",13777.61,13778.3,5,3,2,3,5,5,5,5,5,5,5,5,5,5,5,5,5,FALSE
"323","0274_000221_scrubbed.wav",13838.23,13838.86,5,3,2,3,2,3,4,4,5,5,3,4,2,5,2,4,2,FALSE
"324","0274_000221_scrubbed.wav",13929.19,13929.79,5,4,5,4,5,5,4,4,5,5,5,5,5,5,5,3,5,FALSE
"325","0274_000221_scrubbed.wav",13935.64,13936.24,5,4,5,5,5,2,2,3,2,2,3,1,2,4,2,2,2,FALSE
"326","0274_000221_scrubbed.wav",13984.28,13984.88,5,5,5,2,5,5,5,5,5,5,5,5,5,5,5,5,5,FALSE
"327","0274_000221_scrubbed.wav",13986.23,13986.86,5,5,5,2,5,5,5,5,5,5,5,5,5,5,5,5,5,FALSE
"328","0274_000221_scrubbed.wav",14000.85,14001.48,5,5,5,2,5,5,5,5,5,5,5,5,5,5,5,5,5,FALSE
"329","0274_000221_scrubbed.wav",14001.48,14002.28,5,5,5,2,5,5,5,5,5,5,5,5,5,5,5,5,5,FALSE
"330","0274_000221_scrubbed.wav",14002.28,14002.88,5,5,5,2,5,5,5,5,5,5,5,5,5,5,5,5,5,FALSE
"331","0274_000221_scrubbed.wav",14032.66,14035.19,5,2,2,2,2,2,2,3,5,2,2,2,2,2,2,2,2,FALSE
"332","0274_000221_scrubbed.wav",14054.95,14055.55,5,3,2,2,2,3,2,2,2,2,2,2,2,1,2,3,2,FALSE
"333","0274_000221_scrubbed.wav",14061.2,14061.8,1,2,2,2,2,2,3,2,2,2,2,2,2,1,2,3,2,FALSE
"334","0274_000221_scrubbed.wav",14072.71,14073.31,1,2,2,2,2,2,3,2,3,2,2,2,2,1,2,2,2,FALSE
"335","0274_000221_scrubbed.wav",14111.66,14112.88,1,2,2,2,2,2,2,2,2,2,2,2,2,1,2,2,2,FALSE
"336","0274_000221_scrubbed.wav",14114.68,14115.28,1,2,2,2,2,2,2,2,2,2,1,2,2,1,1,2,2,FALSE
"337","0274_000221_scrubbed.wav",14134.71,14135.31,1,2,2,2,2,4,4,5,2,2,2,4,5,1,4,5,2,FALSE
"338","0274_000221_scrubbed.wav",14136.11,14136.71,1,2,2,2,2,2,2,2,2,2,2,2,2,1,2,2,2,FALSE
"339","0274_000221_scrubbed.wav",14141.99,14142.65,1,2,2,2,2,3,3,3,2,2,2,2,2,1,2,3,2,FALSE
"340","0274_000221_scrubbed.wav",14150.42,14151.59,1,2,2,2,2,3,3,2,2,2,2,2,2,1,2,2,2,FALSE
"341","0274_000221_scrubbed.wav",14152.44,14153.65,2,2,2,2,2,2,3,3,2,2,2,2,2,1,2,2,2,FALSE
"342","0274_000221_scrubbed.wav",14161.8,14162.95,5,5,5,5,2,4,4,4,5,2,5,5,5,1,4,5,5,FALSE
"343","0274_000221_scrubbed.wav",14162.95,14163.91,5,4,5,5,5,5,5,5,5,2,5,5,4,5,4,5,5,FALSE
"344","0274_000221_scrubbed.wav",14165.33,14165.94,2,3,5,3,2,2,2,3,5,2,2,2,2,1,2,4,2,FALSE
"345","0274_000221_scrubbed.wav",14169.81,14170.84,2,2,1,2,2,2,2,2,3,2,2,2,2,1,2,4,2,FALSE
"346","0274_000221_scrubbed.wav",14172.7,14174,2,3,3,3,2,3,3,3,3,3,3,2,3,1,3,3,3,FALSE
"347","0274_000221_scrubbed.wav",14176.28,14177.33,2,2,2,3,2,2,2,2,2,2,2,2,2,1,2,3,2,FALSE
"348","0274_000221_scrubbed.wav",14179.28,14182.11,4,3,2,2,2,3,3,2,2,2,2,2,2,2,2,3,2,FALSE
"349","0274_000221_scrubbed.wav",14183.8,14184.92,2,2,2,2,2,2,2,2,2,2,2,2,2,1,1,2,2,FALSE
"350","0274_000221_scrubbed.wav",14186.15,14186.97,2,2,2,2,2,2,2,2,2,2,2,2,2,1,2,2,2,FALSE
"351","0274_000221_scrubbed.wav",14198.81,14199.41,1,2,2,2,2,3,2,2,2,2,2,2,2,1,2,2,2,FALSE
"352","0274_000221_scrubbed.wav",14200.21,14201.14,1,2,2,2,2,2,2,2,2,2,2,2,2,1,2,2,2,FALSE
"353","0274_000221_scrubbed.wav",14202.81,14204.07,2,2,2,2,2,2,2,2,2,2,2,2,2,1,2,2,2,FALSE
"354","0274_000221_scrubbed.wav",14208.4,14209.8,2,2,2,2,2,2,2,2,2,2,2,2,2,1,2,2,2,FALSE
"355","0274_000221_scrubbed.wav",14210.86,14211.62,2,2,2,2,2,2,2,2,2,2,2,2,2,1,2,2,2,FALSE
"356","0274_000221_scrubbed.wav",14213.67,14217.13,2,2,2,2,2,2,2,2,2,2,2,2,2,1,2,2,2,FALSE
"357","0274_000221_scrubbed.wav",14218.05,14220.14,2,2,2,2,2,2,2,2,2,2,2,2,2,1,2,2,2,FALSE
"358","0274_000221_scrubbed.wav",14220.96,14221.77,2,2,2,2,2,2,2,2,2,2,2,2,2,1,2,3,2,FALSE
"359","0274_000221_scrubbed.wav",14223.37,14225.04,1,2,2,2,2,2,2,2,2,2,2,2,2,1,2,2,2,FALSE
"360","0274_000221_scrubbed.wav",14228.76,14230.52,2,2,1,2,2,2,2,2,2,2,2,2,2,1,2,2,2,FALSE
"361","0274_000221_scrubbed.wav",14235.87,14236.64,2,2,1,2,3,3,3,2,2,2,2,2,2,1,2,2,2,FALSE
"362","0274_000221_scrubbed.wav",14237.44,14238.97,2,2,1,2,2,2,2,2,2,2,2,2,2,1,2,2,2,FALSE
"363","0274_000221_scrubbed.wav",14239.9,14240.77,2,2,2,2,2,3,2,2,2,2,2,2,2,1,2,2,2,FALSE
"364","0274_000221_scrubbed.wav",14241.64,14243.46,2,2,1,2,2,2,2,2,2,2,2,2,2,1,2,2,2,FALSE
"365","0274_000221_scrubbed.wav",14244.34,14245.52,2,2,2,2,2,3,2,2,2,2,2,2,2,1,2,2,2,FALSE
"366","0274_000221_scrubbed.wav",14246.49,14247.2,2,2,1,2,2,2,2,2,2,2,2,2,2,1,2,2,2,FALSE
"367","0274_000221_scrubbed.wav",14249.17,14251.78,2,2,2,2,2,2,2,2,2,2,2,2,2,1,2,2,2,FALSE
"368","0274_000221_scrubbed.wav",14256.18,14256.78,2,2,2,2,2,2,2,2,2,2,2,1,2,1,1,2,2,FALSE
"369","0274_000221_scrubbed.wav",14265.51,14266.84,2,2,2,2,2,2,2,2,2,2,2,2,2,1,2,3,2,FALSE
"370","0274_000221_scrubbed.wav",14267.64,14268.77,2,2,2,2,2,3,2,2,2,2,2,2,2,1,2,3,2,FALSE
"371","0274_000221_scrubbed.wav",14269.94,14271.27,2,2,2,2,2,2,2,2,2,2,2,2,2,2,2,3,2,FALSE
"372","0274_000221_scrubbed.wav",14272.07,14272.98,2,2,2,2,2,2,2,2,2,2,2,2,2,1,2,2,2,FALSE
"373","0274_000221_scrubbed.wav",14275.78,14277.84,2,2,2,2,2,3,2,3,2,2,2,2,2,1,2,3,2,FALSE
"374","0274_000221_scrubbed.wav",14280.12,14281.32,2,2,1,2,2,2,2,2,2,2,2,2,2,1,2,2,2,FALSE
"375","0274_000221_scrubbed.wav",14282.13,14282.82,2,2,1,2,2,2,2,2,2,2,2,1,1,1,2,2,2,FALSE
"376","0274_000221_scrubbed.wav",14283.85,14285.19,1,2,2,2,2,2,2,2,2,2,2,2,1,1,2,2,2,FALSE
"377","0274_000221_scrubbed.wav",14286.15,14287.5,1,2,1,2,2,2,2,2,2,2,2,2,1,1,2,2,2,FALSE
"378","0274_000221_scrubbed.wav",14288.61,14289.22,2,2,1,2,2,2,2,2,2,2,2,2,2,1,2,2,2,FALSE
"379","0274_000221_scrubbed.wav",14290.36,14291.12,2,2,1,2,2,2,2,2,2,2,2,2,2,1,2,2,2,FALSE
"380","0274_000221_scrubbed.wav",14292.04,14293.08,2,2,1,2,2,3,3,2,2,2,2,2,2,1,2,2,2,FALSE
"381","0274_000221_scrubbed.wav",14293.88,14294.92,1,2,1,2,2,2,2,2,2,2,2,1,2,1,2,2,2,FALSE
"382","0274_000221_scrubbed.wav",14295.94,14298.07,2,2,2,2,2,3,3,2,2,2,2,2,2,1,2,2,2,FALSE
"383","0274_000221_scrubbed.wav",14298.88,14299.97,2,2,2,2,2,2,2,2,2,2,2,2,2,1,2,2,2,FALSE
"384","0274_000221_scrubbed.wav",14300.77,14302.35,2,2,2,2,2,2,2,2,2,2,2,2,2,1,2,2,2,FALSE
"385","0274_000221_scrubbed.wav",14303.95,14304.65,2,2,2,2,2,2,2,2,2,2,2,2,2,1,2,2,2,FALSE
"386","0274_000221_scrubbed.wav",14307.07,14310.58,2,2,2,2,2,2,2,2,2,2,2,2,2,1,2,2,2,FALSE
"387","0274_000221_scrubbed.wav",14311.88,14315.03,2,2,1,2,2,1,2,2,2,2,2,1,2,1,1,2,2,FALSE
"388","0274_000221_scrubbed.wav",14316.06,14317.36,2,2,1,2,2,2,2,2,2,2,2,2,2,1,2,2,2,FALSE
"389","0274_000221_scrubbed.wav",14318.23,14319.09,1,2,1,2,2,2,2,2,2,2,2,2,1,1,2,2,2,FALSE
"390","0274_000221_scrubbed.wav",14319.89,14322.39,1,2,1,2,2,2,2,2,2,2,2,2,2,1,2,2,2,FALSE
"391","0274_000221_scrubbed.wav",14323.41,14324.63,1,2,2,2,2,2,2,2,2,2,2,2,2,1,2,2,2,FALSE
"392","0274_000221_scrubbed.wav",14325.73,14326.33,1,2,2,2,2,2,2,2,2,2,2,2,2,1,2,2,2,FALSE
"393","0274_000221_scrubbed.wav",14327.13,14328.73,2,2,2,2,2,2,2,2,2,2,2,2,2,1,2,2,2,FALSE
"394","0274_000221_scrubbed.wav",14328.73,14329.78,2,2,2,2,2,2,2,2,2,2,2,2,2,1,2,2,2,FALSE
"395","0274_000221_scrubbed.wav",14329.78,14330.38,2,2,2,2,2,2,2,3,2,2,2,2,2,1,2,2,2,FALSE
"396","0274_000221_scrubbed.wav",14331.45,14332.4,2,2,2,2,2,2,2,2,2,2,2,1,2,1,1,2,2,FALSE
"397","0274_000221_scrubbed.wav",14333.22,14334.73,2,2,2,2,2,2,2,2,3,2,2,2,2,1,2,2,2,FALSE
"398","0274_000221_scrubbed.wav",14334.73,14335.73,2,2,2,2,2,2,2,2,2,2,2,2,2,1,2,2,2,FALSE
"399","0274_000221_scrubbed.wav",14335.73,14337.2,2,2,1,2,2,2,2,2,2,2,2,2,2,1,2,2,2,FALSE
"400","0274_000221_scrubbed.wav",14338.07,14338.67,2,2,2,2,2,2,2,2,3,2,2,2,2,1,2,2,2,FALSE
"401","0274_000221_scrubbed.wav",14339.83,14342.8,2,2,2,2,2,2,2,2,3,2,2,2,2,1,2,2,2,FALSE
"402","0274_000221_scrubbed.wav",14345.65,14346.37,2,2,2,2,2,2,2,2,2,2,2,2,2,1,2,2,2,FALSE
"403","0274_000221_scrubbed.wav",14379.88,14381.14,2,2,2,2,2,3,3,2,3,2,2,2,2,1,2,2,2,FALSE
"404","0274_000221_scrubbed.wav",14381.99,14382.71,2,2,2,2,2,2,2,2,2,2,2,1,2,1,2,2,2,FALSE
"405","0274_000221_scrubbed.wav",14383.51,14385.48,2,2,2,2,2,2,2,2,3,2,2,2,2,1,2,2,2,FALSE
"406","0274_000221_scrubbed.wav",14387.03,14388.72,2,2,2,2,2,2,2,2,2,2,2,2,2,1,2,2,2,FALSE
"407","0274_000221_scrubbed.wav",14408.08,14409.73,2,2,2,2,2,2,2,2,3,2,2,2,2,1,2,2,2,FALSE
"408","0274_000221_scrubbed.wav",14411.34,14411.94,2,2,2,2,2,2,2,2,2,2,2,2,2,1,2,2,2,FALSE
"409","0274_000221_scrubbed.wav",14414.37,14416.2,2,2,2,2,2,1,2,2,2,2,2,1,2,1,2,2,2,FALSE
"410","0274_000221_scrubbed.wav",14417.07,14418.16,2,2,2,2,2,2,2,2,2,2,2,2,2,1,2,2,2,FALSE
"411","0274_000221_scrubbed.wav",14419.42,14420.67,3,2,3,2,2,3,3,2,2,2,2,2,3,1,2,3,2,FALSE
"412","0274_000221_scrubbed.wav",14421.5,14423.31,2,2,2,2,2,2,2,2,2,2,2,2,2,1,2,2,2,FALSE
"413","0274_000221_scrubbed.wav",14431.27,14432.69,2,2,2,2,2,3,2,2,2,2,2,2,2,1,2,2,2,FALSE
"414","0274_000221_scrubbed.wav",14432.69,14433.69,3,2,2,3,2,3,3,2,2,2,2,2,2,1,2,2,2,FALSE
"415","0274_000221_scrubbed.wav",14436.41,14437.41,4,2,2,3,3,3,4,2,2,3,2,3,3,1,4,4,3,FALSE
"416","0274_000221_scrubbed.wav",14439.14,14439.89,2,2,2,2,2,3,2,2,4,2,2,2,2,1,2,3,2,FALSE
"417","0274_000221_scrubbed.wav",14440.73,14441.52,3,2,2,2,2,3,3,2,2,2,2,2,2,1,2,3,2,FALSE
"418","0274_000221_scrubbed.wav",14442.39,14443.25,4,3,3,3,2,2,3,3,2,4,2,2,3,1,3,3,3,FALSE
"419","0274_000221_scrubbed.wav",14448.39,14449.1,4,3,3,4,3,4,4,4,2,2,2,4,3,1,4,3,4,FALSE
"420","0274_000221_scrubbed.wav",14449.9,14450.5,3,2,3,3,2,3,3,3,2,2,2,2,3,2,2,4,2,FALSE
"421","0274_000221_scrubbed.wav",14452.3,14453.44,4,4,5,5,2,5,5,4,2,4,5,4,4,5,4,5,4,FALSE
"422","0274_000221_scrubbed.wav",14458.65,14459.42,2,2,2,2,2,2,2,2,2,2,2,2,2,1,1,3,2,FALSE
"423","0274_000221_scrubbed.wav",14460.25,14460.9,3,2,2,2,2,3,2,2,2,2,2,2,2,1,2,2,2,FALSE
"424","0274_000221_scrubbed.wav",14464.86,14465.66,2,2,2,2,1,2,2,2,2,2,2,2,2,1,1,2,2,FALSE
"425","0274_000221_scrubbed.wav",14468.67,14469.28,5,2,4,2,5,5,5,5,2,3,5,5,4,5,5,5,5,FALSE
"426","0274_000221_scrubbed.wav",14470.97,14471.57,5,5,5,2,5,5,5,5,4,2,5,5,5,5,5,5,5,FALSE
"427","0274_000221_scrubbed.wav",14486.83,14487.43,5,5,5,5,5,5,5,5,5,3,5,5,5,5,5,5,5,FALSE
"428","0274_000221_scrubbed.wav",14495.49,14496.09,5,5,5,2,5,5,5,5,5,3,5,5,5,5,5,5,5,FALSE
"429","0274_000221_scrubbed.wav",14496.91,14497.51,5,5,5,3,5,5,5,5,5,4,5,5,5,5,5,5,5,FALSE
"430","0274_000221_scrubbed.wav",14543.11,14543.96,5,5,5,3,5,5,5,5,5,4,5,5,5,5,5,5,5,FALSE
"431","0274_000221_scrubbed.wav",14546.36,14547.12,5,5,5,3,5,5,5,5,5,4,5,5,5,5,5,5,5,FALSE
"432","0274_000221_scrubbed.wav",14567.3,14567.9,5,5,5,1,5,5,5,5,5,4,5,5,5,5,5,5,5,FALSE
"433","0274_000221_scrubbed.wav",14618.63,14619.26,5,4,2,3,5,5,4,4,5,4,5,4,3,5,4,5,5,FALSE
"434","0274_000221_scrubbed.wav",14644.21,14644.81,5,5,5,3,5,5,5,5,5,4,5,5,5,5,5,5,5,FALSE
"435","0274_000221_scrubbed.wav",14648.17,14648.77,5,5,5,3,5,5,5,5,2,4,5,5,5,5,5,5,5,FALSE
"436","0274_000221_scrubbed.wav",14700.37,14701.06,5,5,5,3,5,5,5,5,2,4,5,5,5,5,3,5,5,FALSE
"437","0274_000221_scrubbed.wav",14722.64,14723.66,5,5,5,2,5,5,5,5,5,4,5,5,2,5,5,5,5,FALSE
"438","0274_000221_scrubbed.wav",15120.63,15121.3,4,3,5,2,2,2,2,4,5,2,2,2,2,5,2,2,2,FALSE
"439","0274_000221_scrubbed.wav",15259.96,15261,4,2,5,3,2,3,3,3,5,2,2,2,2,4,2,4,2,FALSE
"440","0274_000221_scrubbed.wav",15261.81,15262.47,4,2,5,3,2,3,3,3,4,2,2,2,2,4,2,4,2,FALSE
"441","0274_000221_scrubbed.wav",15267.1,15267.7,4,2,5,3,2,3,3,2,4,2,2,2,2,4,2,3,2,FALSE
"442","0274_000221_scrubbed.wav",15273.77,15275.13,2,2,4,3,2,2,3,2,2,2,2,2,2,1,2,3,2,FALSE
"443","0274_000221_scrubbed.wav",15279.65,15280.26,2,2,2,3,2,2,2,2,2,2,2,2,2,1,2,2,2,FALSE
"444","0274_000221_scrubbed.wav",15282.76,15284.47,2,2,2,3,2,3,3,2,2,2,2,2,2,1,2,3,2,FALSE
"445","0274_000221_scrubbed.wav",15290.22,15290.82,2,2,2,2,2,2,2,2,2,2,2,2,2,1,2,2,2,FALSE
"446","0274_000221_scrubbed.wav",15294.17,15294.97,2,2,2,2,2,2,2,2,2,2,2,2,2,1,2,2,2,FALSE
"447","0274_000221_scrubbed.wav",15296.19,15297.84,2,2,2,2,2,2,3,2,2,2,2,2,2,1,2,3,2,FALSE
"448","0274_000221_scrubbed.wav",15299.73,15300.33,2,2,2,2,2,2,2,2,2,2,2,2,2,1,2,3,2,FALSE
"449","0274_000221_scrubbed.wav",15302.88,15303.73,2,2,2,2,2,2,2,2,2,2,2,2,1,1,2,2,2,FALSE
"450","0274_000221_scrubbed.wav",15305.02,15306.84,2,2,2,2,2,2,2,2,2,2,2,2,2,1,2,2,2,FALSE
"451","0274_000221_scrubbed.wav",15310.29,15311.01,2,2,2,2,2,2,2,2,2,2,2,2,2,1,2,2,2,FALSE
"452","0274_000221_scrubbed.wav",15312.64,15313.74,2,2,2,2,5,2,2,2,2,2,2,2,2,2,2,2,2,FALSE
"453","0274_000221_scrubbed.wav",15316.11,15316.77,2,2,2,2,2,3,3,2,2,2,2,2,2,1,2,4,2,FALSE
"454","0274_000221_scrubbed.wav",15318.39,15319.37,2,2,2,2,2,2,2,2,2,2,2,2,2,1,2,2,2,FALSE
"455","0274_000221_scrubbed.wav",15320.64,15322.57,2,2,2,2,2,2,2,2,2,2,2,2,2,1,2,2,2,FALSE
"456","0274_000221_scrubbed.wav",15324.32,15325.62,2,2,2,2,2,2,2,2,2,2,2,2,2,1,2,2,2,FALSE
"457","0274_000221_scrubbed.wav",15331.47,15332.07,2,2,2,2,2,2,2,2,2,2,2,2,2,1,2,3,2,FALSE
"458","0274_000221_scrubbed.wav",15340.58,15341.45,2,2,2,2,2,2,2,3,2,2,2,2,2,1,2,2,2,FALSE
"459","0274_000221_scrubbed.wav",15343.5,15344.12,2,2,2,2,2,3,3,2,2,2,2,2,2,1,2,3,2,FALSE
"460","0274_000221_scrubbed.wav",15345.19,15347.26,2,2,2,2,2,2,2,2,2,2,2,2,2,1,2,2,2,FALSE
"461","0274_000221_scrubbed.wav",15347.26,15348.26,2,2,2,3,2,2,3,2,2,2,2,2,2,1,2,2,2,FALSE
"462","0274_000221_scrubbed.wav",15348.26,15349.52,2,2,2,2,2,2,2,2,2,2,2,2,2,1,2,2,2,FALSE
"463","0274_000221_scrubbed.wav",15350.32,15352.2,2,2,2,2,2,2,2,2,2,2,2,2,2,1,2,2,2,FALSE
"464","0274_000221_scrubbed.wav",15353,15353.6,2,2,2,2,2,2,2,2,2,2,2,2,2,1,2,2,2,FALSE
"465","0274_000221_scrubbed.wav",15355.67,15356.27,1,2,2,2,2,3,2,2,2,2,2,2,2,1,2,4,2,FALSE
"466","0274_000221_scrubbed.wav",15360.64,15361.67,2,2,2,2,2,2,2,2,2,2,2,2,2,1,2,2,2,FALSE
"467","0274_000221_scrubbed.wav",15362.47,15363.16,2,2,2,2,2,3,2,2,2,2,2,2,2,1,2,2,2,FALSE
"468","0274_000221_scrubbed.wav",15364.16,15364.97,3,2,2,3,2,3,3,2,2,2,2,2,2,1,2,2,2,FALSE
"469","0274_000221_scrubbed.wav",15367.28,15368.01,2,2,2,2,2,2,2,2,2,2,2,2,2,1,2,2,2,FALSE
"470","0274_000221_scrubbed.wav",15370.12,15370.72,2,2,2,2,2,2,2,2,2,2,2,2,2,1,2,2,2,FALSE
"471","0274_000221_scrubbed.wav",15371.68,15372.28,2,2,2,2,2,3,2,2,2,2,2,2,2,1,2,2,2,FALSE
"472","0274_000221_scrubbed.wav",15372.28,15373.28,2,2,2,3,2,2,2,3,2,2,2,2,2,1,2,2,2,FALSE
"473","0274_000221_scrubbed.wav",15373.28,15373.9,2,2,2,2,2,2,2,2,2,2,2,1,2,1,2,2,2,FALSE
"474","0274_000221_scrubbed.wav",15375.26,15375.95,2,2,2,2,2,2,2,2,2,2,2,2,2,1,2,2,2,FALSE
"475","0274_000221_scrubbed.wav",15382.79,15383.69,2,2,2,2,2,2,2,2,2,2,2,2,2,1,2,2,2,FALSE
"476","0274_000221_scrubbed.wav",15684.58,15685.27,5,5,5,5,5,4,4,5,2,2,5,4,4,5,5,4,5,FALSE
"477","0274_000221_scrubbed.wav",15689.82,15690.54,5,5,5,5,5,5,5,5,2,2,5,5,5,5,5,5,5,FALSE
"478","0274_000221_scrubbed.wav",15692.11,15692.91,5,5,5,5,5,5,5,5,4,4,5,5,5,5,5,5,5,FALSE
"479","0274_000221_scrubbed.wav",15707.87,15708.7,5,5,5,2,5,5,5,5,5,4,5,5,5,5,5,5,5,FALSE
"480","0274_000221_scrubbed.wav",15729.09,15729.7,2,2,5,2,2,3,2,4,2,4,2,2,2,5,2,3,2,FALSE
"481","0274_000221_scrubbed.wav",15730.96,15731.56,2,2,5,2,2,2,2,3,2,4,2,2,2,5,2,4,2,FALSE
"482","0274_000221_scrubbed.wav",15733.83,15734.43,4,2,5,2,2,3,4,3,2,2,2,2,2,3,2,3,2,FALSE
"483","0274_000221_scrubbed.wav",15738.52,15739.12,2,2,5,2,2,2,2,2,2,2,2,2,2,2,2,2,2,FALSE
"484","0274_000221_scrubbed.wav",15740.53,15741.13,2,2,5,2,2,3,3,2,2,2,2,2,2,2,2,2,2,FALSE
"485","0274_000221_scrubbed.wav",15742.91,15743.51,2,2,2,3,2,2,2,2,2,3,2,2,2,2,2,2,2,FALSE
"486","0274_000221_scrubbed.wav",15744.68,15746.42,2,2,2,2,2,2,2,2,2,3,2,2,2,3,2,2,2,FALSE
"487","0274_000221_scrubbed.wav",15748.25,15749.25,2,2,2,2,2,2,3,2,2,3,2,2,2,3,2,3,2,FALSE
"488","0274_000221_scrubbed.wav",15749.25,15750.42,2,2,2,2,2,3,3,2,2,3,2,2,2,1,2,3,2,FALSE
"489","0274_000221_scrubbed.wav",15761.47,15762.2,2,2,2,2,2,3,2,2,2,3,2,2,2,2,2,2,2,FALSE
"490","0274_000221_scrubbed.wav",15765.14,15766.11,2,2,2,2,2,2,2,2,2,3,2,2,2,2,2,2,2,FALSE
"491","0274_000221_scrubbed.wav",15768.78,15771.66,2,2,2,2,2,2,2,2,2,3,2,2,2,2,2,2,2,FALSE
"492","0274_000221_scrubbed.wav",15773.51,15774.11,2,2,2,3,2,2,2,2,3,3,2,2,2,2,2,2,2,FALSE
"493","0274_000221_scrubbed.wav",15775.83,15776.45,2,2,2,2,2,2,2,2,2,3,2,2,2,2,2,3,2,FALSE
"494","0274_000221_scrubbed.wav",15778.67,15779.75,2,2,2,2,2,2,2,2,2,3,2,2,2,2,2,3,2,FALSE
"495","0274_000221_scrubbed.wav",15785.11,15785.71,2,2,2,3,2,3,2,2,2,3,2,2,2,2,2,2,2,FALSE
"496","0274_000221_scrubbed.wav",15807.84,15808.49,2,2,2,3,2,2,2,2,2,2,2,2,2,2,2,2,2,FALSE
"497","0274_000221_scrubbed.wav",15818.03,15819.14,2,2,2,3,2,3,2,2,2,2,2,2,2,2,2,2,2,FALSE
"498","0274_000221_scrubbed.wav",15825.02,15826.09,2,2,2,3,2,3,2,2,2,2,2,2,2,2,2,2,2,FALSE
"499","0274_000221_scrubbed.wav",15827.2,15828.11,2,2,2,3,2,2,2,2,2,2,2,2,2,2,2,2,2,FALSE
"500","0274_000221_scrubbed.wav",15835.54,15836.15,2,2,2,3,2,3,3,2,2,2,2,2,2,2,2,3,2,FALSE
"501","0274_000221_scrubbed.wav",16050.74,16051.73,5,2,5,4,5,4,5,5,2,2,2,5,3,3,5,5,5,FALSE
"502","0274_000221_scrubbed.wav",16157.14,16157.86,5,2,2,3,2,3,3,4,2,3,2,2,3,3,2,4,2,FALSE
"503","0274_000221_scrubbed.wav",16191.63,16192.44,5,2,2,3,2,3,3,3,2,3,2,2,2,5,2,2,2,FALSE
"504","0274_000221_scrubbed.wav",16211.58,16212.18,5,2,2,3,2,2,2,3,2,2,2,2,2,1,2,3,2,FALSE
"505","0274_000221_scrubbed.wav",16213.63,16214.6,4,2,2,3,2,2,2,2,2,2,2,2,2,1,2,3,2,FALSE
"506","0274_000221_scrubbed.wav",16238.64,16239.25,4,2,2,3,2,3,3,2,2,2,2,2,2,1,2,3,2,FALSE
"507","0274_000221_scrubbed.wav",16242.94,16244.59,2,2,2,2,2,2,2,2,2,2,2,2,2,1,2,3,2,FALSE
"508","0274_000221_scrubbed.wav",16245.88,16246.48,2,2,2,3,2,3,3,2,2,2,2,2,2,1,2,2,2,FALSE
"509","0274_000221_scrubbed.wav",16248.54,16250.04,2,2,2,4,2,3,2,2,2,2,2,2,2,1,2,2,2,FALSE
"510","0274_000221_scrubbed.wav",16268.41,16269.25,2,2,2,5,2,2,2,2,4,2,2,2,2,1,2,2,2,FALSE
"511","0274_000221_scrubbed.wav",16290.89,16291.49,2,2,2,2,2,3,3,2,2,2,2,2,2,1,2,5,2,FALSE
"512","0274_000221_scrubbed.wav",16305.38,16306.04,2,2,2,2,2,2,2,2,2,2,2,1,2,1,2,2,2,FALSE
"513","0274_000221_scrubbed.wav",16306.86,16308.04,2,2,2,3,2,2,2,2,2,2,2,2,2,1,2,3,2,FALSE
"514","0274_000221_scrubbed.wav",16309.22,16309.99,2,2,2,2,2,2,2,2,2,2,2,1,2,2,2,3,2,FALSE
"515","0274_000221_scrubbed.wav",16311.35,16314.01,2,2,2,2,2,2,2,2,2,2,2,2,2,2,2,3,2,FALSE
"516","0274_000221_scrubbed.wav",16315.04,16316.01,2,2,2,2,2,2,2,2,2,2,2,2,2,2,2,2,2,FALSE
"517","0274_000221_scrubbed.wav",16317,16317.71,2,2,2,2,2,2,2,2,2,2,2,2,2,1,2,2,2,FALSE
"518","0274_000221_scrubbed.wav",16324.25,16324.85,2,2,2,5,2,2,2,2,2,2,2,2,2,1,2,2,2,FALSE
"519","0274_000221_scrubbed.wav",16333.66,16334.45,2,2,2,2,2,3,2,2,2,2,2,2,2,1,2,2,2,FALSE
"520","0274_000221_scrubbed.wav",16342.38,16343.28,2,2,2,2,2,3,3,2,2,2,2,2,2,1,2,3,2,FALSE
"521","0274_000221_scrubbed.wav",16345.14,16346.38,2,2,2,2,2,2,2,2,2,2,2,2,2,1,2,2,2,FALSE
"522","0274_000221_scrubbed.wav",16347.55,16348.83,2,2,2,2,2,2,2,2,2,2,2,2,2,1,2,2,2,FALSE
"523","0274_000221_scrubbed.wav",16349.63,16351,2,2,2,2,2,3,2,2,2,2,2,2,2,1,2,2,2,FALSE
"524","0274_000221_scrubbed.wav",16352.96,16353.56,2,2,2,2,2,3,3,4,2,2,2,2,2,1,2,3,2,FALSE
"525","0274_000221_scrubbed.wav",16354.82,16355.47,2,2,2,2,2,3,2,2,2,2,2,2,2,1,2,2,2,FALSE
"526","0274_000221_scrubbed.wav",16356.52,16357.15,2,2,2,2,2,2,2,2,2,2,2,2,2,1,2,2,2,FALSE
"527","0274_000221_scrubbed.wav",16357.95,16358.55,2,2,2,2,2,2,2,3,2,2,2,2,2,1,1,2,2,FALSE
"528","0274_000221_scrubbed.wav",16359.71,16360.83,2,2,2,2,2,2,2,2,2,2,2,2,2,1,2,2,2,FALSE
"529","0274_000221_scrubbed.wav",16361.65,16362.25,2,2,2,2,1,2,2,2,2,2,2,2,2,1,2,2,2,FALSE
"530","0274_000221_scrubbed.wav",16363.05,16363.86,2,2,2,2,1,2,2,2,2,2,2,2,2,1,2,2,2,FALSE
"531","0274_000221_scrubbed.wav",16364.68,16366.28,2,2,2,2,1,2,2,2,2,2,2,1,2,1,2,2,2,FALSE
"532","0274_000221_scrubbed.wav",16367.39,16368.47,2,2,2,3,2,3,2,2,2,2,2,2,2,1,2,2,2,FALSE
"533","0274_000221_scrubbed.wav",16369.49,16370.87,2,2,1,2,2,2,2,2,2,2,2,2,2,1,2,2,2,FALSE
"534","0274_000221_scrubbed.wav",16371.92,16374.08,2,2,2,2,1,2,2,2,2,2,2,2,2,1,2,2,2,FALSE
"535","0274_000221_scrubbed.wav",16375.81,16376.81,2,2,2,2,2,2,2,2,2,2,2,2,2,1,2,2,2,FALSE
"536","0274_000221_scrubbed.wav",16380.77,16381.89,2,2,2,2,2,2,2,2,2,2,2,2,2,1,2,2,2,FALSE
"537","0274_000221_scrubbed.wav",16383.73,16384.33,2,2,2,2,2,2,2,2,2,2,2,2,2,1,2,2,2,FALSE
"538","0274_000221_scrubbed.wav",16385.15,16385.76,2,2,2,3,2,3,3,2,2,2,2,2,2,1,3,2,2,FALSE
"539","0274_000221_scrubbed.wav",16388.23,16391.1,2,2,2,2,2,2,2,2,2,2,2,2,2,1,2,2,2,FALSE
"540","0274_000221_scrubbed.wav",16395.26,16396.57,2,2,2,2,2,2,2,2,2,2,2,2,2,1,2,2,2,FALSE
"541","0274_000221_scrubbed.wav",16397.91,16398.63,2,2,2,2,2,3,2,2,2,2,2,2,2,1,2,3,2,FALSE
"542","0274_000221_scrubbed.wav",16400.14,16400.74,2,2,2,2,2,2,2,2,2,2,2,2,2,1,1,3,2,FALSE
"543","0274_000221_scrubbed.wav",16409.99,16411.41,2,2,2,3,2,3,3,2,2,2,2,2,2,1,3,2,2,FALSE
"544","0274_000221_scrubbed.wav",16413.6,16414.2,2,2,2,2,2,2,2,2,2,2,2,2,2,1,2,3,2,FALSE
"545","0274_000221_scrubbed.wav",16415,16415.69,2,2,2,2,2,2,2,2,2,2,2,2,2,1,2,2,2,FALSE
"546","0274_000221_scrubbed.wav",16417.62,16418.32,2,2,2,2,2,2,2,2,2,2,2,2,2,1,2,2,2,FALSE
"547","0274_000221_scrubbed.wav",16419.28,16420.01,2,2,2,2,2,2,2,2,2,2,2,1,2,1,2,2,2,FALSE
"548","0274_000221_scrubbed.wav",16425.49,16426.32,2,2,2,2,2,2,2,2,2,2,2,2,2,1,2,2,2,FALSE
"549","0274_000221_scrubbed.wav",16427.16,16427.76,2,2,2,2,2,2,2,2,2,2,2,2,2,1,2,2,2,FALSE
"550","0274_000221_scrubbed.wav",16436.47,16437.21,2,2,2,2,2,2,2,2,2,2,2,2,2,1,2,2,2,FALSE
"551","0274_000221_scrubbed.wav",16439.82,16440.42,2,2,2,2,2,2,2,2,2,2,2,1,2,1,2,2,2,FALSE
"552","0274_000221_scrubbed.wav",16483.69,16484.29,2,2,2,2,2,2,2,2,2,2,2,1,1,1,1,2,2,FALSE
"553","0274_000221_scrubbed.wav",16593.28,16594.14,5,5,4,4,4,4,3,5,2,3,4,4,4,4,5,5,4,FALSE
"554","0274_000221_scrubbed.wav",16606.29,16606.9,4,3,3,4,4,3,3,4,1,4,3,2,4,4,2,4,4,FALSE
"555","0274_000221_scrubbed.wav",16629.82,16630.43,4,2,2,2,2,2,2,2,2,3,2,2,2,4,1,3,2,FALSE
"556","0274_000221_scrubbed.wav",16636.28,16636.89,2,2,2,2,2,2,2,2,1,2,2,1,2,4,1,2,2,FALSE
"557","0274_000221_scrubbed.wav",16636.89,16637.89,4,2,3,4,2,3,3,4,2,3,2,2,2,3,4,3,2,FALSE
"558","0274_000221_scrubbed.wav",16665.42,16666.72,5,3,4,4,5,3,4,4,1,4,5,4,2,5,5,2,4,FALSE
"559","0274_000221_scrubbed.wav",16685.11,16685.71,5,3,3,3,5,5,3,5,2,4,5,5,2,5,5,4,5,FALSE
"560","0274_000221_scrubbed.wav",16718.63,16719.35,4,3,1,5,5,3,4,4,1,3,5,4,2,5,5,3,5,FALSE
"561","0274_000221_scrubbed.wav",16754.54,16755.14,4,3,1,4,3,3,2,4,1,4,5,1,2,5,1,1,1,TRUE
"562","0274_000221_scrubbed.wav",16767.87,16768.86,4,2,1,3,2,2,2,2,2,3,2,1,2,2,1,2,2,FALSE
"563","0274_000221_scrubbed.wav",16806.63,16807.45,5,3,2,2,5,2,1,2,2,2,2,1,2,4,1,1,2,FALSE
"564","0274_000221_scrubbed.wav",16925.99,16926.9,2,2,2,2,2,2,2,1,2,2,2,1,2,4,1,1,2,FALSE
"565","0274_000221_scrubbed.wav",16931.12,16932.61,5,4,5,5,5,5,4,5,2,2,4,4,5,5,4,5,5,FALSE
"566","0274_000221_scrubbed.wav",16947.91,16948.55,5,5,5,5,5,5,5,5,2,4,5,5,5,5,5,5,5,FALSE
"567","0274_000221_scrubbed.wav",16995.84,16996.44,3,2,2,3,2,2,2,2,2,2,2,2,2,2,2,2,2,FALSE
"568","0274_000221_scrubbed.wav",16998.33,16999.4,2,2,2,2,2,2,2,2,2,2,2,2,2,2,2,2,2,FALSE
"569","0274_000221_scrubbed.wav",17001.22,17001.82,1,2,2,2,2,2,2,2,2,2,2,2,2,1,2,3,2,FALSE
"570","0274_000221_scrubbed.wav",17002.62,17003.66,1,2,2,2,2,1,2,2,2,2,2,1,2,1,1,2,2,FALSE
"571","0274_000221_scrubbed.wav",17004.51,17005.3,1,2,2,2,2,2,2,2,2,2,2,1,2,1,2,2,2,FALSE
"572","0274_000221_scrubbed.wav",17009.7,17010.36,1,2,2,5,2,2,2,2,2,2,2,1,2,1,2,2,2,FALSE
"573","0274_000221_scrubbed.wav",17114.34,17114.94,5,5,5,5,5,5,5,5,4,2,5,5,5,1,5,5,5,FALSE
"574","0274_000221_scrubbed.wav",17307.89,17308.5,4,4,5,4,2,3,3,5,2,2,4,5,3,5,5,5,5,FALSE
"575","0274_000221_scrubbed.wav",17310.37,17311.28,5,2,5,3,5,5,5,5,2,2,5,5,2,4,5,5,5,FALSE
"576","0274_000221_scrubbed.wav",17313.44,17314.67,5,5,5,2,5,5,5,5,2,2,5,5,5,5,5,5,5,FALSE
"577","0274_000221_scrubbed.wav",17323.71,17324.96,5,5,5,2,5,5,5,5,2,2,5,5,5,5,5,5,5,FALSE
"578","0274_000221_scrubbed.wav",17330.07,17330.81,5,5,2,2,5,5,5,5,2,2,5,5,2,5,5,5,5,FALSE
"579","0274_000221_scrubbed.wav",17381.22,17382.08,5,5,2,5,5,5,5,5,2,4,5,1,5,5,5,5,5,FALSE
"580","0274_000221_scrubbed.wav",17598.24,17598.87,5,5,3,4,5,5,5,5,4,4,5,5,5,5,5,5,5,FALSE
"581","0274_000221_scrubbed.wav",17602.22,17602.96,5,5,4,5,5,5,5,5,4,4,5,5,5,5,5,5,5,FALSE
"582","0274_000221_scrubbed.wav",17608.26,17608.95,5,4,5,5,5,5,5,5,5,4,5,5,5,5,5,5,5,FALSE
"583","0274_000221_scrubbed.wav",17623.49,17624.09,5,5,5,5,5,5,5,5,5,4,5,5,5,5,5,5,5,FALSE
"584","0274_000221_scrubbed.wav",17625.24,17625.84,5,5,5,5,5,5,5,5,5,5,5,5,5,5,5,5,5,FALSE
"585","0274_000221_scrubbed.wav",17638.07,17638.67,5,5,5,3,5,5,5,5,5,5,5,5,5,5,5,5,5,FALSE
"586","0274_000221_scrubbed.wav",17640.16,17640.76,5,5,3,3,5,5,5,5,5,5,5,5,5,5,5,5,5,FALSE
"587","0274_000221_scrubbed.wav",17643.12,17644.47,5,5,4,3,5,5,5,5,5,5,5,5,5,5,5,5,5,FALSE
"588","0274_000221_scrubbed.wav",17688.77,17689.72,5,5,5,5,5,5,5,5,5,5,5,5,5,5,5,5,5,FALSE
"589","0274_000221_scrubbed.wav",17697.2,17698.22,5,5,5,3,2,5,4,5,5,5,5,5,5,5,5,5,5,FALSE
"590","0274_000221_scrubbed.wav",17699.8,17700.59,5,5,5,2,2,5,5,5,3,5,5,5,5,5,5,5,5,FALSE
"591","0274_000221_scrubbed.wav",17786.76,17787.65,5,5,5,2,5,5,5,5,5,5,5,5,5,5,5,5,5,FALSE
"592","0274_000221_scrubbed.wav",17788.62,17790.02,5,5,5,2,5,5,5,5,5,5,5,5,5,5,5,5,5,FALSE
"593","0274_000221_scrubbed.wav",17802.33,17803,5,4,5,3,5,5,5,5,5,5,5,5,5,5,5,5,5,FALSE
"594","0274_000221_scrubbed.wav",17923.6,17924.24,5,5,5,5,5,5,5,5,5,5,5,5,5,5,5,5,5,FALSE
"595","0274_000221_scrubbed.wav",17930.26,17930.86,5,3,5,5,5,5,5,5,5,5,5,3,5,5,2,5,5,FALSE
"596","0274_000221_scrubbed.wav",17938.08,17938.68,5,5,5,3,5,5,5,5,2,5,5,5,5,5,5,5,5,FALSE
"597","0274_000221_scrubbed.wav",17939.76,17940.36,5,5,5,3,5,5,5,5,4,5,5,5,5,5,5,5,5,FALSE
"598","0274_000221_scrubbed.wav",17947.49,17948.64,5,4,5,3,5,5,4,5,2,5,5,5,5,5,2,2,5,FALSE
"599","0274_000221_scrubbed.wav",18027.72,18028.79,5,5,5,4,5,5,5,5,5,5,5,5,5,5,5,5,5,FALSE
"600","0274_000221_scrubbed.wav",18033.56,18034.36,5,5,5,3,5,5,5,5,5,5,5,5,5,5,5,5,5,FALSE
"601","0274_000221_scrubbed.wav",18051.67,18052.73,5,5,5,5,5,5,5,5,2,5,5,5,5,5,5,5,5,FALSE
"602","0274_000221_scrubbed.wav",18054.53,18055.53,5,5,5,4,5,5,5,5,4,5,5,5,5,5,5,5,5,FALSE
"603","0274_000221_scrubbed.wav",18165.59,18166.36,2,2,5,2,2,2,2,2,2,5,1,2,2,5,2,3,2,FALSE
"604","0274_000221_scrubbed.wav",18167.16,18167.76,4,3,2,3,2,3,3,4,2,5,2,2,2,5,2,3,2,FALSE
"605","0274_000221_scrubbed.wav",18169.55,18170.15,2,2,2,3,2,3,2,2,2,2,2,2,2,5,2,3,2,FALSE
"606","0274_000221_scrubbed.wav",18173.62,18174.23,3,2,2,2,2,3,3,2,2,2,2,2,2,2,2,3,2,FALSE
"607","0274_000221_scrubbed.wav",18204.23,18204.83,2,2,2,3,2,2,3,2,2,2,2,2,2,2,2,3,2,FALSE
"608","0274_000221_scrubbed.wav",18205.78,18206.46,2,2,2,5,2,2,2,2,2,2,2,2,2,2,2,2,2,FALSE
"609","0274_000221_scrubbed.wav",18214.32,18215.03,2,2,2,3,1,2,2,2,2,2,2,2,2,2,2,2,2,FALSE
"610","0274_000221_scrubbed.wav",18222.8,18223.42,2,2,2,2,2,2,2,2,2,2,2,2,2,2,2,2,2,FALSE
"611","0274_000221_scrubbed.wav",18248.96,18249.6,2,2,2,3,2,2,2,2,2,2,2,2,2,1,2,3,2,FALSE
"612","0274_000221_scrubbed.wav",18253.86,18254.47,2,2,2,2,2,2,2,2,2,2,2,2,2,1,2,3,2,FALSE
"613","0274_000221_scrubbed.wav",18259.97,18260.58,2,2,2,3,2,3,2,2,2,2,2,2,2,1,2,3,2,FALSE
"614","0274_000221_scrubbed.wav",18279.14,18280.14,2,2,2,3,2,2,2,2,2,2,2,2,2,1,2,2,2,FALSE
"615","0274_000221_scrubbed.wav",18281.69,18282.36,2,2,2,3,2,3,2,2,2,2,2,2,2,1,2,2,2,FALSE
"616","0274_000221_scrubbed.wav",18283.79,18284.8,2,2,2,2,2,2,2,2,2,2,2,2,2,1,2,2,2,FALSE
"617","0274_000221_scrubbed.wav",18288.2,18288.84,2,2,2,2,2,3,2,2,2,2,2,2,2,1,2,3,2,FALSE
"618","0274_000221_scrubbed.wav",18303.62,18304.25,2,2,2,2,2,2,2,2,2,2,2,2,2,1,2,2,2,FALSE
"619","0274_000221_scrubbed.wav",18312.66,18313.66,2,2,2,3,2,3,2,2,2,2,2,2,2,1,2,3,2,FALSE
"620","0274_000221_scrubbed.wav",18320.92,18321.92,2,2,2,4,2,2,2,3,2,2,2,2,2,1,2,2,2,FALSE
"621","0274_000221_scrubbed.wav",18352.12,18352.84,2,2,2,3,2,2,2,2,2,2,2,2,2,1,2,2,2,FALSE
"622","0274_000221_scrubbed.wav",18389.41,18390.06,2,2,2,4,2,4,3,2,2,2,2,2,2,1,2,2,2,FALSE
"623","0274_000221_scrubbed.wav",18453.05,18453.65,2,2,2,3,2,2,2,2,2,2,2,1,2,1,2,2,2,FALSE
"624","0274_000221_scrubbed.wav",18550.95,18551.55,2,2,2,3,2,2,2,2,2,2,2,2,2,1,2,2,2,FALSE
"625","0274_000221_scrubbed.wav",18561.58,18562.18,2,2,2,3,2,3,3,2,2,2,2,2,2,1,2,2,2,FALSE
"626","0274_000221_scrubbed.wav",18568.69,18569.74,2,2,2,4,2,2,2,2,2,2,2,2,2,1,2,2,2,FALSE
"627","0274_000221_scrubbed.wav",18605.43,18606.49,2,2,2,2,2,2,2,2,2,2,2,2,2,1,2,2,2,FALSE
"628","0274_000221_scrubbed.wav",18643.87,18644.47,2,2,2,3,2,2,2,2,2,2,2,2,2,1,2,2,2,FALSE
"629","0274_000221_scrubbed.wav",18656.36,18657.18,2,2,2,2,2,2,2,2,2,2,2,2,2,1,2,2,2,FALSE
"630","0274_000221_scrubbed.wav",18667.4,18668,2,2,2,2,2,2,2,2,2,2,2,2,2,1,2,2,2,FALSE
"631","0274_000221_scrubbed.wav",18678.62,18679.22,2,2,2,3,1,2,2,2,2,2,2,1,2,1,2,2,2,FALSE
"632","0274_000221_scrubbed.wav",18698.8,18699.4,2,2,2,3,2,2,2,2,2,2,2,2,2,1,2,2,2,FALSE
"633","0274_000221_scrubbed.wav",18719.77,18720.47,2,2,2,2,2,2,2,2,2,2,2,2,2,1,2,2,2,FALSE
"634","0274_000221_scrubbed.wav",18887.8,18888.57,2,2,2,2,2,2,2,2,2,2,2,1,2,1,2,2,2,FALSE
"635","0274_000221_scrubbed.wav",18890.53,18891.13,2,2,3,3,1,3,1,2,2,2,2,1,2,1,1,2,2,FALSE
"636","0274_000221_scrubbed.wav",19237.43,19238.04,2,2,2,4,1,1,1,2,3,2,2,1,2,2,1,1,1,TRUE
"637","0274_000221_scrubbed.wav",20433.9,20434.5,5,5,3,5,5,5,5,2,4,5,2,5,5,1,5,5,5,FALSE
"638","0274_000221_scrubbed.wav",21761.03,21761.63,4,2,2,3,2,2,2,2,3,5,2,1,2,1,1,5,2,FALSE
"639","0274_000221_scrubbed.wav",21886.96,21887.56,4,2,2,3,1,2,2,2,2,3,2,1,2,1,2,5,2,FALSE
"640","0274_000221_scrubbed.wav",22037.45,22038.05,5,2,2,4,5,1,1,2,2,3,2,1,2,1,2,5,2,FALSE
"641","0274_000221_scrubbed.wav",22734.78,22735.38,5,2,2,5,5,5,4,5,5,4,5,5,5,5,5,5,5,FALSE
"642","0274_000221_scrubbed.wav",22736.46,22737.07,3,2,2,4,2,3,3,2,2,3,2,2,2,1,2,5,2,FALSE
"643","0274_000221_scrubbed.wav",22739.67,22740.32,3,2,2,3,2,3,3,2,2,2,3,2,2,1,2,3,2,FALSE
"644","0274_000221_scrubbed.wav",22860.37,22860.97,4,3,2,5,2,1,2,5,3,3,3,1,2,5,2,5,2,FALSE
"645","0274_000221_scrubbed.wav",22916.65,22917.25,5,5,2,3,5,5,5,5,4,5,5,5,5,5,5,5,5,FALSE
"646","0274_000221_scrubbed.wav",22917.25,22918.2,5,4,2,2,5,5,5,5,5,5,5,5,4,5,5,5,5,FALSE
"647","0274_000221_scrubbed.wav",22918.2,22918.99,4,4,4,3,5,4,4,5,4,4,4,4,4,1,4,5,4,FALSE
"648","0274_000221_scrubbed.wav",22920.01,22921.43,5,5,5,5,5,5,5,5,4,5,5,5,5,5,5,5,5,FALSE
"649","0274_000221_scrubbed.wav",22925.61,22926.3,5,5,5,5,5,5,5,5,2,5,5,5,5,5,5,5,5,FALSE
"650","0274_000221_scrubbed.wav",22928.82,22929.49,5,5,5,5,5,5,5,5,2,5,5,5,4,5,5,5,5,FALSE
"651","0274_000221_scrubbed.wav",22941.47,22942.78,5,4,5,5,5,5,4,5,5,5,5,5,4,5,5,4,5,FALSE
"652","0274_000221_scrubbed.wav",22944.42,22945.05,5,4,5,5,5,5,4,5,3,2,5,5,4,5,5,5,5,FALSE
"653","0274_000221_scrubbed.wav",22950.02,22950.71,5,2,5,5,5,5,4,5,5,5,5,4,4,5,4,5,5,FALSE
"654","0274_000221_scrubbed.wav",22958.12,22958.81,4,2,5,4,4,3,3,5,3,3,4,2,3,4,2,4,4,FALSE
"655","0274_000221_scrubbed.wav",22967.88,22968.54,5,3,5,5,5,4,4,5,3,2,4,4,2,4,5,4,4,FALSE
"656","0274_000221_scrubbed.wav",22968.54,22969.57,5,4,4,5,5,5,4,5,5,5,5,5,4,5,5,5,5,FALSE
"657","0274_000221_scrubbed.wav",22975.3,22976.31,5,4,4,5,5,5,5,5,5,5,5,5,4,5,5,5,5,FALSE
"658","0274_000221_scrubbed.wav",22976.31,22977.5,5,4,5,5,5,5,5,5,5,5,5,5,5,5,5,5,5,FALSE
"659","0274_000221_scrubbed.wav",22986.09,22990.78,5,5,5,5,5,5,5,5,5,5,5,5,4,5,5,5,5,FALSE
"660","0274_000221_scrubbed.wav",22992.11,22992.71,5,4,4,5,4,5,3,5,5,4,5,5,2,1,5,5,5,FALSE
"661","0274_000221_scrubbed.wav",23006.23,23008.63,5,5,5,5,5,5,5,5,5,4,5,5,5,5,5,5,5,FALSE
"662","0274_000221_scrubbed.wav",23009.73,23010.47,5,5,5,5,5,5,5,5,5,5,5,5,5,5,5,5,5,FALSE
"663","0274_000221_scrubbed.wav",23010.47,23011.84,5,5,5,5,5,5,5,5,5,5,5,5,5,5,5,5,5,FALSE
"664","0274_000221_scrubbed.wav",23030.27,23031.02,5,5,5,5,5,5,4,5,2,5,5,5,5,5,5,5,5,FALSE
"665","0274_000221_scrubbed.wav",23034.96,23035.57,5,5,5,5,5,5,4,5,3,5,5,5,5,5,5,5,5,FALSE
"666","0274_000221_scrubbed.wav",23036.84,23037.84,5,2,5,5,5,5,5,5,5,5,5,5,5,5,5,5,5,FALSE
"667","0274_000221_scrubbed.wav",23037.84,23038.86,5,2,4,3,5,5,4,5,5,5,5,5,5,5,5,5,5,FALSE
"668","0274_000221_scrubbed.wav",23041.39,23042.19,5,5,4,4,5,4,4,5,3,5,5,5,5,5,5,5,5,FALSE
"669","0274_000221_scrubbed.wav",23045.24,23045.84,5,5,4,3,5,3,5,5,3,5,5,5,5,5,5,5,5,FALSE
"670","0274_000221_scrubbed.wav",23046.64,23047.25,5,5,5,2,5,5,5,5,5,5,5,5,5,5,5,5,5,FALSE
"671","0274_000221_scrubbed.wav",23048.89,23049.49,5,5,5,2,5,5,5,5,2,5,5,5,5,5,5,5,5,FALSE
"672","0274_000221_scrubbed.wav",23057,23057.6,5,5,5,1,5,5,5,5,2,5,5,5,5,5,5,5,5,FALSE
"673","0274_000221_scrubbed.wav",23087.17,23087.85,5,5,5,1,5,5,5,5,5,5,5,5,5,5,5,5,5,FALSE
"674","0274_000221_scrubbed.wav",23087.85,23088.66,5,5,5,2,5,5,5,5,5,5,5,5,5,5,5,5,5,FALSE
"675","0274_000221_scrubbed.wav",23112.52,23113.14,4,4,5,2,5,3,3,4,5,5,5,2,2,5,2,4,5,FALSE
"676","0274_000221_scrubbed.wav",23131.13,23133.16,2,3,5,2,2,3,2,2,2,5,2,2,2,5,2,3,2,FALSE
"677","0274_000221_scrubbed.wav",23142.12,23142.72,2,3,2,3,2,2,2,2,5,2,2,1,2,5,2,3,2,FALSE
"678","0274_000221_scrubbed.wav",23180.69,23181.75,4,3,2,4,3,3,3,3,4,3,2,2,2,1,2,3,3,FALSE
"679","0274_000221_scrubbed.wav",23192.96,23193.57,2,3,2,4,2,2,2,2,3,2,2,1,2,1,2,3,2,FALSE
"680","0274_000221_scrubbed.wav",23205.1,23205.71,4,3,2,2,5,4,4,4,3,3,2,3,2,2,4,3,2,FALSE
"681","0274_000221_scrubbed.wav",23348.8,23349.42,4,2,2,2,2,3,2,2,2,3,2,1,2,1,2,2,2,FALSE
"682","0274_000221_scrubbed.wav",23373.49,23374.09,2,2,2,3,3,2,2,2,2,2,2,2,2,1,2,3,2,FALSE
"683","0274_000221_scrubbed.wav",23377.75,23378.35,2,2,2,2,3,3,2,2,2,2,2,2,2,1,2,3,2,FALSE
"684","0274_000221_scrubbed.wav",23468.14,23468.77,2,2,2,4,2,2,2,3,5,2,2,1,2,1,2,2,2,FALSE
"685","0274_000221_scrubbed.wav",23666.46,23667.06,3,3,2,4,2,3,3,3,2,2,2,2,2,1,2,3,2,FALSE
"686","0274_000221_scrubbed.wav",23668.06,23668.68,3,2,2,3,2,2,2,2,2,2,2,2,2,1,2,3,2,FALSE
"687","0274_000221_scrubbed.wav",23678.73,23679.33,2,2,2,3,2,2,2,2,3,2,2,1,2,1,2,3,2,FALSE
"688","0274_000221_scrubbed.wav",23683.59,23684.44,2,2,2,2,2,2,2,2,2,2,2,2,2,1,2,3,2,FALSE
"689","0274_000221_scrubbed.wav",23696.34,23697.18,2,2,2,3,2,2,2,2,2,2,2,2,2,1,2,3,2,FALSE
"690","0274_000221_scrubbed.wav",23716.02,23716.62,2,2,2,2,2,2,2,2,4,3,2,2,2,1,2,3,2,FALSE
"691","0274_000221_scrubbed.wav",23740.53,23741.14,2,2,2,2,2,3,2,2,2,2,2,2,2,1,2,3,2,FALSE
"692","0274_000221_scrubbed.wav",23749.28,23749.92,2,2,2,3,2,3,2,2,2,2,2,2,2,1,2,3,2,FALSE
"693","0274_000221_scrubbed.wav",23749.92,23750.92,2,2,2,3,3,3,3,2,2,2,2,2,2,1,2,3,2,FALSE
"694","0274_000221_scrubbed.wav",23767.86,23768.51,2,2,2,3,3,3,2,2,2,2,2,1,2,1,2,3,2,FALSE
"695","0274_000221_scrubbed.wav",23772.82,23774.5,2,2,2,2,1,1,2,2,2,2,2,1,2,1,1,2,2,FALSE
"696","0274_000221_scrubbed.wav",23776.25,23777.83,2,2,2,3,2,2,2,2,2,2,2,2,2,1,2,3,2,FALSE
"697","0274_000221_scrubbed.wav",23778.73,23779.41,2,2,2,2,1,2,2,2,4,2,2,1,2,1,1,2,2,FALSE
"698","0274_000221_scrubbed.wav",23782.87,23783.47,2,2,2,2,2,2,2,2,2,2,2,1,2,1,2,2,2,FALSE
"699","0274_000221_scrubbed.wav",23784.42,23786.23,2,2,2,2,2,2,2,2,2,2,2,2,2,1,2,2,2,FALSE
"700","0274_000221_scrubbed.wav",23788.95,23790.43,2,2,2,2,2,2,2,2,2,2,2,2,2,1,2,2,2,FALSE
"701","0274_000221_scrubbed.wav",23794.63,23795.43,5,2,2,2,5,5,5,5,2,2,2,5,5,1,5,5,5,FALSE
"702","0274_000221_scrubbed.wav",23832.71,23833.44,5,2,2,2,5,5,5,5,2,2,2,5,5,1,5,5,5,FALSE
"703","0274_000221_scrubbed.wav",23929.25,23929.85,2,2,2,2,2,2,2,2,2,2,2,1,2,1,2,2,2,FALSE
"704","0274_000221_scrubbed.wav",24270.78,24274.75,2,2,2,2,1,2,2,2,2,2,2,1,1,1,1,2,2,FALSE
"705","0274_000221_scrubbed.wav",24278.19,24278.86,2,2,2,2,2,2,2,2,2,2,2,2,1,1,1,2,2,FALSE
"706","0274_000221_scrubbed.wav",24284.18,24286.48,2,2,2,2,2,3,3,2,2,2,2,2,2,1,2,2,2,FALSE
"707","0274_000221_scrubbed.wav",24302.23,24303.15,2,2,2,3,1,3,2,3,2,2,2,1,2,1,2,2,2,FALSE
"708","0274_000221_scrubbed.wav",24307.33,24307.95,2,2,2,2,2,3,2,2,2,2,2,2,2,1,2,2,2,FALSE
"709","0274_000221_scrubbed.wav",24646.29,24647.29,2,5,4,5,5,5,5,5,2,3,2,5,5,5,5,5,5,FALSE
"710","0274_000221_scrubbed.wav",24648.62,24650.18,2,5,5,5,5,5,5,5,5,5,5,5,5,5,5,5,5,FALSE
"711","0274_000221_scrubbed.wav",24692.94,24696.52,2,4,5,5,5,5,5,5,5,5,5,5,5,5,5,5,5,FALSE
"712","0274_000221_scrubbed.wav",24716.44,24717.45,2,5,5,4,5,5,5,5,5,5,5,5,3,5,5,5,5,FALSE
"713","0274_000221_scrubbed.wav",24724.38,24725.39,2,5,5,1,5,5,5,5,5,5,5,5,5,5,5,5,5,FALSE
"714","0274_000221_scrubbed.wav",24726.49,24727.49,5,2,5,3,5,5,5,5,5,5,5,5,5,5,5,5,5,FALSE
"715","0274_000221_scrubbed.wav",24760.37,24761.56,5,4,5,5,5,5,5,5,5,5,2,5,4,5,5,5,5,FALSE
"716","0274_000221_scrubbed.wav",24928.53,24929.6,5,5,5,4,5,5,5,5,5,5,5,5,5,5,5,5,5,FALSE
"717","0274_000221_scrubbed.wav",25256.48,25257.08,5,3,5,4,2,3,3,4,5,5,2,2,2,5,1,4,5,FALSE
"718","0274_000221_scrubbed.wav",25651.7,25652.62,5,5,5,5,5,5,5,5,5,5,5,5,5,5,5,5,5,FALSE
"719","0274_000221_scrubbed.wav",25655.78,25656.5,5,5,5,5,5,5,5,5,5,5,5,5,5,5,5,5,5,FALSE
"720","0274_000221_scrubbed.wav",25823.42,25824.05,5,5,5,5,5,5,5,5,5,5,5,5,5,5,5,5,5,FALSE
"721","0274_000221_scrubbed.wav",25845.53,25846.13,5,5,5,5,5,5,5,5,5,5,5,5,5,5,5,5,5,FALSE
"722","0274_000221_scrubbed.wav",25866.4,25867.65,5,5,5,3,5,5,5,5,5,2,5,5,2,5,5,3,5,FALSE
"723","0274_000221_scrubbed.wav",25868.86,25870.11,5,5,5,2,5,5,5,5,5,2,5,5,5,5,5,2,5,FALSE
"724","0274_000221_scrubbed.wav",25896.79,25897.76,5,5,5,5,5,5,5,5,5,5,5,5,5,5,5,5,5,FALSE
"725","0274_000221_scrubbed.wav",25903.1,25903.7,5,2,5,5,5,5,5,5,5,5,5,5,5,5,5,5,5,FALSE
"726","0274_000221_scrubbed.wav",25904.96,25906.18,5,5,5,5,5,5,5,5,5,5,5,5,5,5,5,5,5,FALSE
"727","0274_000221_scrubbed.wav",25914.45,25915.61,4,4,5,5,5,5,5,5,5,4,5,5,5,5,5,5,5,FALSE
"728","0274_000221_scrubbed.wav",25916.61,25917.38,3,4,5,4,5,5,5,2,5,4,5,5,2,5,2,5,5,FALSE
"729","0274_000221_scrubbed.wav",25920.26,25920.9,3,3,5,4,5,5,5,4,5,3,5,5,2,5,2,2,5,FALSE
"730","0274_000221_scrubbed.wav",25926.85,25927.46,5,5,5,4,5,5,5,5,5,5,5,5,5,5,5,5,5,FALSE
"731","0274_000221_scrubbed.wav",25929.5,25930.12,5,4,5,5,5,5,5,5,5,5,5,5,5,5,5,5,5,FALSE
"732","0274_000221_scrubbed.wav",25941.85,25942.45,5,5,5,5,5,5,5,5,5,5,5,5,5,5,5,5,5,FALSE
"733","0274_000221_scrubbed.wav",25943.25,25944.41,5,5,5,5,5,5,5,5,5,5,5,5,5,5,5,5,5,FALSE
"734","0274_000221_scrubbed.wav",25981.27,25982.63,5,5,5,5,5,5,5,5,5,5,5,5,5,5,5,5,5,FALSE
"735","0274_000221_scrubbed.wav",25990.96,25991.59,5,5,5,5,5,5,5,5,5,5,5,5,5,5,5,5,5,FALSE
"736","0274_000221_scrubbed.wav",25995.62,25996.32,5,5,5,5,5,5,5,5,5,5,5,5,5,5,5,5,5,FALSE
"737","0274_000221_scrubbed.wav",26131.57,26132.17,5,2,5,5,5,4,4,5,5,5,5,5,3,4,5,5,5,FALSE
"738","0274_000221_scrubbed.wav",26318.21,26318.81,5,2,5,4,5,3,3,5,5,5,5,5,2,5,2,3,5,FALSE
"739","0274_000221_scrubbed.wav",26519.54,26520.3,5,5,5,5,5,5,5,5,5,5,5,5,5,5,5,5,5,FALSE
"740","0274_000221_scrubbed.wav",26521.41,26522.03,5,5,5,5,5,5,5,5,5,5,5,5,5,5,5,5,5,FALSE
"741","0274_000221_scrubbed.wav",26525.42,26526.15,5,5,5,5,5,5,5,5,5,5,5,5,2,5,5,5,5,FALSE
"742","0274_000221_scrubbed.wav",26530.24,26530.84,5,5,2,5,5,5,5,5,5,5,5,5,2,5,5,5,5,FALSE
"743","0274_000221_scrubbed.wav",26535.51,26536.11,4,4,2,4,2,3,3,4,5,4,3,5,2,5,2,4,4,FALSE
"744","0274_000221_scrubbed.wav",26552.43,26553.22,5,5,5,5,5,5,5,5,5,4,5,5,5,5,5,5,5,FALSE
"745","0274_000221_scrubbed.wav",26578.26,26579.23,5,5,5,5,5,5,5,5,5,5,5,5,5,5,5,5,5,FALSE
"746","0274_000221_scrubbed.wav",26591.11,26591.72,5,4,2,4,5,4,3,4,5,5,5,5,2,5,2,5,5,FALSE
"747","0274_000221_scrubbed.wav",26598.03,26599.01,4,4,2,3,3,3,3,4,5,3,2,5,2,5,2,4,3,FALSE
"748","0274_000221_scrubbed.wav",26602.8,26603.4,2,3,2,2,2,1,2,2,4,3,2,1,2,4,1,2,2,FALSE
"749","0274_000221_scrubbed.wav",26606.23,26607.05,2,3,2,4,2,2,2,2,2,3,2,1,1,4,1,2,2,FALSE
"750","0274_000221_scrubbed.wav",26646.03,26646.64,4,5,5,5,5,5,5,5,5,4,2,5,5,5,5,5,5,FALSE
"751","0274_000221_scrubbed.wav",26672.22,26673.96,5,5,5,5,5,5,5,5,5,4,2,5,5,5,5,5,5,FALSE
"752","0274_000221_scrubbed.wav",26677.43,26678.9,5,5,5,5,5,4,5,5,5,5,2,5,2,5,5,5,5,FALSE
"753","0274_000221_scrubbed.wav",26708.52,26709.41,5,3,4,4,3,2,2,2,5,5,2,1,2,5,2,3,2,FALSE
"754","0274_000221_scrubbed.wav",26729.34,26730.76,3,3,3,3,2,3,3,3,4,2,2,2,2,5,2,3,3,FALSE
"755","0274_000221_scrubbed.wav",26730.76,26731.94,3,2,2,3,3,3,3,3,5,2,3,2,2,5,2,2,2,FALSE
"756","0274_000221_scrubbed.wav",26732.8,26733.97,4,3,4,5,3,3,3,3,5,3,3,3,3,3,3,4,3,FALSE
"757","0274_000221_scrubbed.wav",26738.11,26738.79,5,4,5,5,4,4,5,4,2,3,5,5,1,3,5,5,5,FALSE
"758","0274_000221_scrubbed.wav",26739.62,26741.32,4,3,5,4,3,4,4,4,5,4,3,4,1,4,4,4,4,FALSE
"759","0274_000221_scrubbed.wav",26742.27,26742.87,3,3,2,5,2,3,3,2,5,2,5,5,1,2,2,4,2,FALSE
"760","0274_000221_scrubbed.wav",26746.75,26747.35,5,3,5,5,5,5,5,5,5,4,5,5,2,5,5,5,5,FALSE
"761","0274_000221_scrubbed.wav",26748.52,26749.12,5,5,5,5,5,5,5,5,5,4,5,5,1,5,5,5,5,FALSE
"762","0274_000221_scrubbed.wav",26750.81,26751.88,5,2,5,5,2,5,5,5,5,4,5,5,1,5,2,2,5,FALSE
"763","0274_000221_scrubbed.wav",26751.88,26752.54,5,2,5,5,2,5,2,5,5,2,5,5,2,5,2,5,5,FALSE
"764","0274_000221_scrubbed.wav",26764.79,26765.45,5,3,2,3,2,3,2,4,5,2,3,1,2,5,2,5,2,FALSE
"765","0274_000221_scrubbed.wav",26766.53,26767.13,4,2,5,3,5,3,3,4,5,2,3,2,3,5,2,5,3,FALSE
"766","0274_000221_scrubbed.wav",26768.13,26768.73,3,2,2,3,5,3,2,3,4,2,3,1,2,5,2,5,2,FALSE
"767","0274_000221_scrubbed.wav",26782.61,26783.21,2,2,2,2,1,2,2,2,2,2,2,1,2,1,2,2,2,FALSE
"768","0274_000221_scrubbed.wav",26783.21,26784.29,5,2,5,5,5,5,5,5,2,2,5,5,5,5,5,5,5,FALSE
"769","0274_000221_scrubbed.wav",26785.17,26786.78,5,5,5,5,5,5,5,5,2,5,5,5,5,5,5,5,5,FALSE
"770","0274_000221_scrubbed.wav",26788.49,26789.57,4,4,5,4,5,5,4,5,5,4,5,5,5,5,5,5,5,FALSE
"771","0274_000221_scrubbed.wav",26789.57,26790.68,5,5,5,5,5,5,5,5,5,4,5,5,5,5,5,5,5,FALSE
"772","0274_000221_scrubbed.wav",26794.03,26794.78,5,5,5,5,5,5,5,5,5,4,5,5,5,5,5,5,5,FALSE
"773","0274_000221_scrubbed.wav",26796.07,26796.67,2,5,5,5,5,5,5,5,5,2,5,5,2,5,5,5,5,FALSE
"774","0274_000221_scrubbed.wav",26797.67,26798.8,2,3,5,3,2,2,2,2,5,2,2,1,1,5,1,2,2,FALSE
"775","0274_000221_scrubbed.wav",26883.26,26883.89,3,5,5,5,5,5,5,5,5,4,5,5,2,5,5,5,5,FALSE
"776","0274_000221_scrubbed.wav",26883.89,26884.98,5,5,5,5,5,5,5,5,4,4,5,5,5,5,5,5,5,FALSE
"777","0274_000221_scrubbed.wav",26884.98,26885.79,5,5,5,5,5,5,5,5,5,4,5,5,2,5,5,5,5,FALSE
"778","0274_000221_scrubbed.wav",26908.67,26909.94,5,3,5,5,5,5,5,5,5,4,5,5,2,5,5,5,5,FALSE
"779","0274_000221_scrubbed.wav",26923.74,26924.67,3,2,2,3,2,2,2,3,4,2,2,1,2,1,1,2,2,FALSE
"780","0274_000221_scrubbed.wav",26926.04,26926.72,5,5,5,5,5,5,5,5,5,4,5,5,4,4,5,5,5,FALSE
"781","0274_000221_scrubbed.wav",26927.53,26928.33,5,5,5,5,5,5,5,5,5,4,5,5,5,4,5,5,5,FALSE
"782","0274_000221_scrubbed.wav",26932.99,26933.62,5,3,5,3,4,3,3,4,4,2,5,1,2,4,1,5,1,TRUE
"783","0274_000221_scrubbed.wav",26936.53,26937.21,5,5,5,5,5,5,5,5,5,4,5,5,4,5,5,5,5,FALSE
"784","0274_000221_scrubbed.wav",26938.41,26939.41,5,5,5,5,5,5,5,5,5,4,5,5,5,5,5,5,5,FALSE
"785","0274_000221_scrubbed.wav",26946.54,26947.54,5,4,5,5,5,4,4,5,5,4,5,4,4,5,5,5,5,FALSE
"786","0274_000221_scrubbed.wav",26947.54,26948.93,5,5,5,5,5,5,5,4,5,5,5,5,5,5,5,5,5,FALSE
"787","0274_000221_scrubbed.wav",26954.65,26955.52,5,4,5,5,5,5,4,5,5,5,5,5,5,5,2,5,5,FALSE
"788","0274_000221_scrubbed.wav",26975.49,26976.25,5,5,5,5,5,5,5,5,5,5,5,5,5,5,5,5,5,FALSE
"789","0274_000221_scrubbed.wav",26981.91,26982.65,5,5,5,5,5,5,5,5,5,5,5,5,5,5,5,5,5,FALSE
"790","0274_000221_scrubbed.wav",26991.15,26991.76,5,5,5,5,5,5,5,5,5,5,5,5,5,5,5,5,5,FALSE
"791","0274_000221_scrubbed.wav",27033.48,27034.28,5,5,5,5,5,4,4,4,5,5,5,5,4,5,5,5,5,FALSE
"792","0274_000221_scrubbed.wav",27041.58,27042.94,5,5,5,5,5,5,5,5,5,5,5,5,5,5,5,5,5,FALSE
"793","0274_000221_scrubbed.wav",27042.94,27044.26,5,5,5,5,5,5,5,5,5,5,5,5,5,5,5,5,5,FALSE
"794","0274_000221_scrubbed.wav",27044.26,27045.8,5,5,5,5,5,4,4,5,5,5,5,5,5,5,5,5,5,FALSE
"795","0274_000221_scrubbed.wav",27048.49,27049.95,5,5,5,5,5,5,5,5,5,5,5,5,5,5,5,5,5,FALSE
"796","0274_000221_scrubbed.wav",27099.38,27100.67,5,5,5,5,5,5,5,5,5,5,5,5,5,5,5,5,5,FALSE
"797","0274_000221_scrubbed.wav",27117.3,27118.44,5,5,5,5,5,5,5,5,5,5,5,5,5,5,5,5,5,FALSE
"798","0274_000221_scrubbed.wav",27125.45,27126.05,5,5,5,5,5,5,5,5,5,5,5,5,5,5,5,5,5,FALSE
"799","0274_000221_scrubbed.wav",27126.05,27127.77,5,5,5,5,5,5,5,5,5,5,5,5,5,5,5,5,5,FALSE
"800","0274_000221_scrubbed.wav",27275.99,27276.65,5,3,5,3,2,3,3,3,5,2,5,2,2,5,2,5,5,FALSE
"801","0274_000221_scrubbed.wav",27280.68,27281.99,2,3,5,3,2,3,2,2,5,2,5,2,2,2,1,2,2,FALSE
"802","0274_000221_scrubbed.wav",27287.05,27287.65,2,2,5,3,2,3,3,3,5,2,5,2,2,2,2,3,2,FALSE
"803","0274_000221_scrubbed.wav",27293.99,27294.7,5,5,5,5,5,5,5,5,4,3,5,5,2,5,5,5,5,FALSE
"804","0274_000221_scrubbed.wav",27369.52,27370.12,5,2,2,3,2,2,2,2,4,2,3,2,2,4,1,3,2,FALSE
"805","0274_000221_scrubbed.wav",27409.99,27410.69,5,2,5,3,5,5,5,5,5,3,3,5,2,5,2,5,5,FALSE
"806","0274_000221_scrubbed.wav",27546.53,27547.38,2,2,2,3,2,2,2,5,2,2,5,2,2,5,2,3,2,FALSE
"807","0274_000221_scrubbed.wav",27646.05,27647.56,5,2,2,2,1,1,2,5,2,2,2,1,1,1,1,2,1,TRUE
"808","0274_000221_scrubbed.wav",27653.23,27654.48,5,2,2,2,5,5,5,5,2,2,5,5,1,5,5,5,5,FALSE
"809","0274_000221_scrubbed.wav",27659.27,27660.47,5,2,2,2,5,5,5,5,5,2,5,5,2,1,5,5,5,FALSE
"810","0274_000221_scrubbed.wav",27669.22,27669.9,5,3,5,2,4,5,5,5,5,2,5,5,5,5,5,5,5,FALSE
"811","0274_000221_scrubbed.wav",27669.9,27670.7,5,3,5,2,5,5,5,5,5,4,5,5,5,5,5,5,5,FALSE
"812","0274_000221_scrubbed.wav",27670.7,27671.77,5,2,2,1,5,5,5,5,5,4,5,5,5,1,5,5,5,FALSE
"813","0274_000221_scrubbed.wav",27671.77,27672.66,5,2,5,3,5,5,5,5,5,4,5,5,5,1,5,5,5,FALSE
"814","0274_000221_scrubbed.wav",27690.97,27692.02,5,3,5,5,5,4,4,5,5,3,5,5,5,3,5,4,5,FALSE
"815","0274_000221_scrubbed.wav",27696.36,27696.96,5,2,5,5,5,2,2,5,5,3,5,5,5,3,2,5,5,FALSE
"816","0274_000221_scrubbed.wav",27713.99,27714.74,5,3,5,4,5,5,5,4,5,3,5,5,3,5,5,5,5,FALSE
"817","0274_000221_scrubbed.wav",27718.89,27719.51,5,2,5,2,5,2,5,5,5,4,5,5,5,1,5,5,5,FALSE
"818","0274_000221_scrubbed.wav",27721.06,27721.66,5,2,5,2,5,2,5,5,5,3,5,5,5,1,5,5,5,FALSE
"819","0274_000221_scrubbed.wav",27745.06,27746.06,5,5,5,5,5,5,5,5,5,5,5,5,5,5,5,5,5,FALSE
"820","0274_000221_scrubbed.wav",27900.69,27901.54,5,5,2,4,5,3,5,5,5,5,5,5,2,5,5,5,5,FALSE
"821","0274_000221_scrubbed.wav",27903.17,27903.77,5,5,5,4,5,3,5,5,5,5,5,5,3,5,5,5,5,FALSE
"822","0274_000221_scrubbed.wav",27906.74,27907.35,5,5,5,5,5,5,5,5,5,5,5,5,5,5,5,5,5,FALSE
"823","0274_000221_scrubbed.wav",27938.26,27938.86,5,5,5,5,5,5,5,5,5,5,5,5,5,5,5,5,5,FALSE
"824","0274_000221_scrubbed.wav",27948.8,27949.86,5,5,5,5,5,5,5,5,5,2,5,5,5,5,5,5,5,FALSE
"825","0274_000221_scrubbed.wav",27952.17,27952.94,5,5,5,5,5,5,5,5,5,4,5,5,5,5,5,5,5,FALSE
"826","0274_000221_scrubbed.wav",27966.47,27967.7,5,2,5,5,5,5,5,5,5,4,5,5,2,5,5,5,5,FALSE
"827","0274_000221_scrubbed.wav",27967.7,27969.34,5,5,5,2,5,5,5,5,5,5,5,5,1,5,5,5,5,FALSE
"828","0274_000221_scrubbed.wav",27971.01,27972.09,5,5,5,2,5,5,5,5,5,5,5,5,5,5,5,5,5,FALSE
"829","0274_000221_scrubbed.wav",27974.38,27975.93,5,5,5,2,5,5,5,5,5,5,5,5,5,5,5,5,5,FALSE
"830","0274_000221_scrubbed.wav",27989.05,27991.7,5,5,5,2,5,5,5,5,2,5,5,5,5,5,5,5,5,FALSE
"831","0274_000221_scrubbed.wav",28002.2,28003.34,5,4,5,5,5,5,5,5,5,5,5,5,5,5,5,5,5,FALSE
"832","0274_000221_scrubbed.wav",28003.34,28004.37,5,5,5,5,5,5,5,5,5,5,5,5,5,5,5,5,5,FALSE
"833","0274_000221_scrubbed.wav",28013.18,28014.13,5,5,5,5,5,5,5,5,5,5,5,5,5,5,5,5,5,FALSE
"834","0274_000221_scrubbed.wav",28083.29,28083.9,5,3,5,3,2,2,2,3,5,2,2,2,2,5,2,3,2,FALSE
"835","0274_000221_scrubbed.wav",28087.62,28088.22,3,3,2,5,2,3,3,3,2,2,3,2,2,3,2,3,3,FALSE
"836","0274_000221_scrubbed.wav",28089.02,28089.62,2,3,2,2,2,2,2,2,2,2,2,2,2,1,2,3,2,FALSE
"837","0274_000221_scrubbed.wav",28101.58,28102.21,2,3,2,2,2,2,2,2,2,2,2,2,2,1,2,3,2,FALSE
"838","0274_000221_scrubbed.wav",28106.58,28108.54,3,2,2,2,2,3,3,2,2,2,3,2,2,1,2,3,2,FALSE
"839","0274_000221_scrubbed.wav",28110.09,28110.69,2,2,2,2,2,2,2,2,2,3,3,2,2,1,2,3,2,FALSE
"840","0274_000221_scrubbed.wav",28111.78,28112.58,2,2,2,2,2,3,2,2,2,2,3,2,2,5,2,3,2,FALSE
"841","0274_000221_scrubbed.wav",28114.57,28115.17,2,3,2,3,2,3,3,2,2,2,3,2,2,5,2,3,2,FALSE
"842","0274_000221_scrubbed.wav",28115.97,28116.57,2,2,2,2,2,2,2,2,2,2,3,2,2,5,2,2,2,FALSE
"843","0274_000221_scrubbed.wav",28126.02,28127.97,2,3,2,3,2,3,3,2,2,2,3,2,2,5,2,3,2,FALSE
"844","0274_000221_scrubbed.wav",28128.9,28129.5,2,3,2,3,2,3,3,2,2,2,3,2,2,5,2,3,2,FALSE
"845","0274_000221_scrubbed.wav",28130.5,28131.67,2,2,2,3,2,2,2,2,2,2,3,2,2,2,2,2,2,FALSE
"846","0274_000221_scrubbed.wav",28132.76,28135.51,2,2,2,2,2,2,2,2,2,2,3,2,2,2,2,3,2,FALSE
"847","0274_000221_scrubbed.wav",28136.32,28138.87,2,2,2,2,2,2,2,2,2,2,2,2,2,2,2,2,2,FALSE
"848","0274_000221_scrubbed.wav",28139.71,28140.99,2,2,2,1,1,1,2,2,2,2,2,1,2,2,1,1,2,FALSE
"849","0274_000221_scrubbed.wav",28142.82,28143.87,2,2,2,2,2,2,2,2,2,2,2,2,2,2,2,2,2,FALSE
"850","0274_000221_scrubbed.wav",28161.22,28165.19,2,2,2,3,2,2,2,2,2,2,2,2,2,2,2,3,2,FALSE
"851","0274_000221_scrubbed.wav",28165.99,28169.02,2,2,2,3,1,2,2,2,2,2,2,1,1,2,1,2,2,FALSE
"852","0274_000221_scrubbed.wav",28171.71,28173.55,2,2,2,3,1,2,2,2,2,3,2,1,2,2,1,2,2,FALSE
"853","0274_000221_scrubbed.wav",28177.89,28180.69,2,3,2,3,2,3,3,2,2,2,2,2,2,2,2,2,2,FALSE
"854","0274_000221_scrubbed.wav",28196.74,28199.43,2,2,2,2,1,2,2,2,2,2,2,2,2,2,1,2,2,FALSE
"855","0274_000221_scrubbed.wav",28203.22,28203.83,1,2,2,2,2,2,2,2,2,2,2,2,2,2,2,2,2,FALSE
"856","0274_000221_scrubbed.wav",28214.99,28215.73,1,2,2,2,1,2,3,2,2,3,2,2,2,2,2,2,2,FALSE
"857","0274_000221_scrubbed.wav",28216.53,28218.87,1,2,2,2,1,1,2,2,3,3,2,1,2,2,1,2,2,FALSE
"858","0274_000221_scrubbed.wav",28221.04,28223.39,4,3,2,3,3,3,3,2,2,4,2,3,3,2,3,3,3,FALSE
"859","0274_000221_scrubbed.wav",28224.87,28227.58,2,3,2,3,2,3,3,2,3,3,2,2,3,2,3,3,3,FALSE
"860","0274_000221_scrubbed.wav",28230.36,28232.05,2,3,2,3,2,3,3,2,2,2,2,3,3,2,2,2,2,FALSE
"861","0274_000221_scrubbed.wav",28232.92,28234.41,2,1,2,3,1,2,2,2,2,2,2,1,2,2,2,2,2,FALSE
"862","0274_000221_scrubbed.wav",28235.41,28237.11,2,2,2,2,2,2,2,2,2,2,2,2,2,2,2,2,2,FALSE
"863","0274_000221_scrubbed.wav",28238,28238.61,1,1,2,2,2,1,2,2,2,2,2,1,1,2,1,2,2,FALSE
"864","0274_000221_scrubbed.wav",28240.46,28241.1,1,2,2,3,2,1,2,2,2,2,2,2,2,2,1,2,2,FALSE
"865","0274_000221_scrubbed.wav",28241.99,28243.71,1,2,2,2,1,1,2,2,2,2,2,1,2,2,1,2,2,FALSE
"866","0274_000221_scrubbed.wav",28244.88,28245.77,1,2,2,2,2,1,2,2,2,2,2,1,1,2,1,1,2,FALSE
"867","0274_000221_scrubbed.wav",28248.57,28250.11,1,3,2,3,2,2,2,2,2,2,2,2,3,2,2,3,2,FALSE
"868","0274_000221_scrubbed.wav",28252.09,28255.99,1,2,2,2,1,1,2,1,2,2,2,1,1,2,1,2,1,TRUE
"869","0274_000221_scrubbed.wav",28256.99,28257.72,2,3,2,3,2,3,3,3,2,3,2,2,3,2,3,3,3,FALSE
"870","0274_000221_scrubbed.wav",28259.86,28261.57,2,2,2,4,2,3,3,3,2,3,2,2,3,2,2,4,2,FALSE
"871","0274_000221_scrubbed.wav",28262.4,28263.21,1,2,2,3,1,2,2,2,2,2,2,1,2,2,2,2,2,FALSE
"872","0274_000221_scrubbed.wav",28264.33,28265.29,1,2,2,2,1,2,2,1,2,2,2,1,2,2,1,1,2,FALSE
"873","0274_000221_scrubbed.wav",28266.82,28267.42,4,3,2,3,2,3,3,3,2,3,2,3,3,2,3,4,3,FALSE
"874","0274_000221_scrubbed.wav",28268.3,28269.36,4,2,2,2,2,3,3,3,2,2,2,2,3,2,2,3,2,FALSE
"875","0274_000221_scrubbed.wav",28279.29,28280.14,2,3,2,2,2,3,2,3,2,3,2,2,3,2,2,2,2,FALSE
"876","0274_000221_scrubbed.wav",28289.96,28290.57,2,3,2,3,2,3,4,3,2,3,2,3,3,2,3,3,3,FALSE
"877","0274_000221_scrubbed.wav",28296.34,28298.23,2,3,2,3,3,3,3,3,2,2,2,2,3,2,3,3,3,FALSE
"878","0274_000221_scrubbed.wav",28309.22,28310.16,1,2,2,2,2,1,2,1,2,2,2,1,2,2,1,2,2,FALSE
"879","0274_000221_scrubbed.wav",28310.16,28311.55,1,2,2,2,1,3,3,2,2,3,2,1,2,2,2,2,2,FALSE
"880","0274_000221_scrubbed.wav",28311.55,28312.2,1,2,2,2,1,1,2,2,2,2,2,1,2,2,1,2,2,FALSE
"881","0274_000221_scrubbed.wav",28315.3,28315.9,2,2,2,2,2,2,2,2,2,2,2,2,2,2,2,2,2,FALSE
"882","0274_000221_scrubbed.wav",28316.95,28318.29,1,2,2,2,2,2,2,2,2,2,2,2,1,2,2,2,2,FALSE
"883","0274_000221_scrubbed.wav",28320.91,28321.63,1,2,2,2,1,1,2,1,2,2,2,1,1,2,1,2,1,TRUE
"884","0274_000221_scrubbed.wav",28322.57,28323.44,1,3,2,3,2,2,3,2,2,2,2,2,3,2,2,2,2,FALSE
"885","0274_000221_scrubbed.wav",28325.41,28326.65,1,2,2,2,1,2,2,1,2,2,2,1,2,2,1,2,2,FALSE
"886","0274_000221_scrubbed.wav",28327.45,28328.09,1,2,2,2,2,2,2,1,2,2,2,1,2,2,1,1,2,FALSE
"887","0274_000221_scrubbed.wav",28329.09,28331.46,2,3,2,2,2,2,2,2,2,2,2,2,2,2,2,2,2,FALSE
"888","0274_000221_scrubbed.wav",28332.46,28333.35,4,2,2,3,4,4,3,4,2,3,2,3,3,2,4,4,4,FALSE
"889","0274_000221_scrubbed.wav",28335.15,28336.35,2,2,2,2,1,2,2,1,3,2,2,1,2,2,2,1,2,FALSE
"890","0274_000221_scrubbed.wav",28337.16,28338.65,2,2,2,2,1,2,2,1,2,2,2,1,2,2,1,2,2,FALSE
"891","0274_000221_scrubbed.wav",28339.47,28342.54,1,2,2,2,1,1,2,2,2,2,2,1,1,2,1,1,1,TRUE
"892","0274_000221_scrubbed.wav",28345.39,28346.04,2,2,2,3,2,3,3,2,2,2,2,2,2,2,3,2,2,FALSE
"893","0274_000221_scrubbed.wav",28347.07,28348.48,1,2,2,3,2,2,2,3,2,4,2,1,1,2,2,2,2,FALSE
"894","0274_000221_scrubbed.wav",28352.77,28353.4,1,2,2,3,2,2,2,2,2,2,2,2,3,2,2,2,2,FALSE
"895","0274_000221_scrubbed.wav",28358.04,28358.94,2,2,2,3,1,1,2,1,2,2,2,1,1,2,1,2,2,FALSE
"896","0274_000221_scrubbed.wav",28361.68,28362.42,2,2,2,3,2,3,2,2,2,2,2,2,2,2,2,2,2,FALSE
"897","0274_000221_scrubbed.wav",28364.14,28365.06,2,2,2,2,2,2,2,2,2,2,2,1,2,2,2,2,2,FALSE
"898","0274_000221_scrubbed.wav",28371.22,28371.89,1,2,2,2,1,1,2,1,2,2,2,1,2,2,1,2,2,FALSE
"899","0274_000221_scrubbed.wav",28379.74,28380.78,1,2,2,3,1,2,2,1,2,2,2,1,2,2,1,1,2,FALSE
"900","0274_000221_scrubbed.wav",28384.35,28384.95,2,4,2,3,3,4,3,3,3,2,2,3,3,2,4,4,3,FALSE
"901","0274_000221_scrubbed.wav",28395.16,28396.33,1,2,2,3,2,3,3,3,3,2,2,2,2,2,2,3,2,FALSE
"902","0274_000221_scrubbed.wav",28408.59,28409.19,2,3,2,3,3,3,3,2,2,2,2,2,3,2,2,3,2,FALSE
"903","0274_000221_scrubbed.wav",28415.7,28416.37,2,2,2,2,2,2,2,2,2,2,2,1,2,2,2,2,2,FALSE
"904","0274_000221_scrubbed.wav",28421.7,28422.31,2,2,2,2,2,2,2,2,2,2,2,1,1,2,2,2,2,FALSE
"905","0274_000221_scrubbed.wav",28432.4,28433.03,2,2,2,3,2,2,2,2,2,2,2,2,2,2,2,2,2,FALSE
"906","0274_000221_scrubbed.wav",28439.39,28439.99,2,3,2,3,2,3,2,3,2,2,2,2,2,2,2,2,2,FALSE
"907","0274_000221_scrubbed.wav",28441.53,28442.14,2,2,2,3,2,3,3,3,2,2,2,2,2,1,2,3,2,FALSE
"908","0274_000221_scrubbed.wav",28461.43,28462.31,1,3,2,3,3,3,3,3,2,3,2,2,2,2,2,3,3,FALSE
"909","0274_000221_scrubbed.wav",28494.71,28495.31,1,2,2,3,2,2,3,3,2,3,2,2,2,1,2,2,2,FALSE
"910","0274_000221_scrubbed.wav",28496.65,28499.1,1,2,2,3,2,3,2,2,2,2,2,2,2,2,2,2,2,FALSE
"911","0274_000221_scrubbed.wav",28502.24,28502.84,2,2,2,3,4,3,3,3,2,2,2,2,2,2,2,2,2,FALSE
"912","0274_000221_scrubbed.wav",28507.43,28508.31,2,2,2,2,2,2,2,2,2,2,2,2,2,2,2,2,2,FALSE
"913","0274_000221_scrubbed.wav",28562.51,28563.16,2,2,2,3,3,3,3,2,2,2,2,1,2,2,2,2,2,FALSE
"914","0274_000221_scrubbed.wav",28570.49,28571.09,4,3,2,3,2,3,3,2,2,2,2,3,2,2,2,3,2,FALSE
"915","0274_000221_scrubbed.wav",28579.91,28580.77,2,2,2,3,2,3,2,2,3,2,2,2,2,2,2,3,2,FALSE
"916","0274_000221_scrubbed.wav",28584.53,28585.13,2,2,2,3,2,3,2,2,3,2,2,2,2,2,2,2,2,FALSE
"917","0274_000221_scrubbed.wav",28585.93,28586.53,2,2,2,2,2,2,2,2,2,2,2,2,2,2,2,2,2,FALSE
"918","0274_000221_scrubbed.wav",28592.78,28593.4,2,2,2,3,2,3,2,2,3,2,2,2,2,2,2,2,2,FALSE
"919","0274_000221_scrubbed.wav",28597.54,28598.14,2,2,2,3,2,2,2,2,3,2,2,1,2,2,2,2,2,FALSE
"920","0274_000221_scrubbed.wav",28624.49,28625.95,4,4,3,3,5,4,4,2,2,2,4,3,4,2,4,4,4,FALSE
"921","0274_000221_scrubbed.wav",28639.38,28640.14,2,2,2,2,2,3,2,2,2,2,2,2,2,2,2,2,2,FALSE
"922","0274_000221_scrubbed.wav",28656.62,28657.31,4,3,3,3,4,3,3,2,4,2,2,3,3,2,4,2,3,FALSE
"923","0274_000221_scrubbed.wav",28662.78,28663.48,4,2,2,3,2,3,3,2,3,2,2,2,3,2,2,2,2,FALSE
"924","0274_000221_scrubbed.wav",28672.67,28673.74,5,5,4,5,5,4,4,2,5,4,4,5,4,2,5,5,5,FALSE
"925","0274_000221_scrubbed.wav",28678.06,28679.18,2,3,2,3,2,3,3,2,3,2,2,2,2,2,2,3,2,FALSE
"926","0274_000221_scrubbed.wav",28679.18,28679.78,2,3,2,3,2,3,3,2,2,3,2,2,2,2,2,3,2,FALSE
"927","0274_000221_scrubbed.wav",28682.16,28682.76,5,5,5,5,5,5,5,5,5,4,2,5,5,5,5,5,5,FALSE
"928","0274_000221_scrubbed.wav",28682.76,28683.91,5,5,5,5,5,5,5,4,5,5,5,5,5,5,5,5,5,FALSE
"929","0274_000221_scrubbed.wav",28687.02,28688.46,1,2,2,2,2,1,2,2,3,2,2,1,2,5,1,2,2,FALSE
"930","0274_000221_scrubbed.wav",28689.3,28689.9,2,3,2,3,2,2,2,2,2,3,2,3,3,5,2,2,2,FALSE
"931","0274_000221_scrubbed.wav",28693.84,28694.45,2,2,2,3,2,3,2,2,2,3,2,3,2,5,2,3,2,FALSE
"932","0274_000221_scrubbed.wav",28699.96,28700.61,1,2,2,2,1,2,2,2,2,2,2,1,1,1,1,2,2,FALSE
"933","0274_000221_scrubbed.wav",28701.68,28702.3,2,2,2,2,2,3,3,3,2,3,2,2,2,2,2,3,2,FALSE
"934","0274_000221_scrubbed.wav",28704.32,28706.44,2,2,2,2,1,2,2,2,2,2,2,1,1,2,1,1,2,FALSE
"935","0274_000221_scrubbed.wav",28725.19,28725.79,1,2,2,2,2,2,2,2,2,2,2,2,2,1,2,2,2,FALSE
"936","0274_000221_scrubbed.wav",28728.62,28729.59,2,2,2,2,2,2,2,2,2,2,2,2,2,1,2,2,2,FALSE
"937","0274_000221_scrubbed.wav",28733.31,28734.12,2,2,2,2,2,3,2,2,2,2,2,2,2,1,2,2,2,FALSE
"938","0274_000221_scrubbed.wav",28736.21,28737.14,2,2,2,2,2,3,2,2,2,2,2,2,2,1,2,3,2,FALSE
"939","0274_000221_scrubbed.wav",28739.88,28740.87,2,2,2,2,2,3,2,2,2,2,2,2,2,1,2,2,2,FALSE
"940","0274_000221_scrubbed.wav",28746.84,28747.7,1,2,2,2,2,2,2,2,2,2,2,2,2,1,2,2,2,FALSE
"941","0274_000221_scrubbed.wav",28749.27,28749.87,2,2,2,3,2,3,3,2,2,2,2,2,2,1,2,2,2,FALSE
"942","0274_000221_scrubbed.wav",28765.49,28766.09,2,2,2,2,2,2,2,2,2,2,2,2,2,1,2,2,2,FALSE
"943","0274_000221_scrubbed.wav",28769.88,28770.48,1,2,2,2,2,2,2,2,2,2,2,2,2,1,2,2,2,FALSE
"944","0274_000221_scrubbed.wav",28773.19,28774.3,2,2,1,2,2,2,2,2,2,2,2,2,2,1,2,2,2,FALSE
"945","0274_000221_scrubbed.wav",28793.19,28793.79,2,2,2,3,2,3,3,2,2,2,2,2,2,1,2,3,2,FALSE
"946","0274_000221_scrubbed.wav",28806.93,28807.53,2,2,2,3,2,3,3,2,2,2,2,2,2,1,2,3,2,FALSE
"947","0274_000221_scrubbed.wav",28809.14,28809.75,2,3,2,4,4,4,3,3,2,2,2,3,3,2,4,4,2,FALSE
"948","0274_000221_scrubbed.wav",28854.64,28855.25,2,2,2,3,3,3,3,3,2,2,2,3,2,2,3,4,2,FALSE
"949","0274_000221_scrubbed.wav",28855.25,28856.42,2,2,2,3,2,3,3,2,3,2,2,2,2,2,2,3,2,FALSE
"950","0274_000221_scrubbed.wav",28858.71,28859.31,2,2,2,3,2,3,2,2,3,2,2,2,2,2,2,3,2,FALSE
"951","0274_000221_scrubbed.wav",28875.5,28876.1,2,2,2,3,2,3,2,2,3,2,2,2,2,2,2,2,2,FALSE
"952","0274_000221_scrubbed.wav",28879.28,28879.88,2,2,2,3,2,2,2,2,3,2,2,2,2,2,2,3,2,FALSE
"953","0274_000221_scrubbed.wav",28882.24,28883.08,2,2,2,3,2,3,2,2,2,2,2,2,2,2,2,2,2,FALSE
"954","0274_000221_scrubbed.wav",28900.7,28901.89,2,2,2,2,2,2,2,2,3,2,2,2,2,2,1,2,2,FALSE
"955","0274_000221_scrubbed.wav",28903.4,28904.04,2,2,2,2,2,2,2,2,3,2,2,2,2,2,2,2,2,FALSE
"956","0274_000221_scrubbed.wav",28905.19,28906.84,3,2,2,2,2,3,2,2,2,2,2,2,2,2,2,2,2,FALSE
"957","0274_000221_scrubbed.wav",28910.26,28910.86,2,2,2,2,2,3,2,2,2,2,2,2,2,2,2,2,2,FALSE
"958","0274_000221_scrubbed.wav",28912.05,28914.02,2,2,2,2,2,3,2,2,2,2,2,2,2,2,2,3,2,FALSE
"959","0274_000221_scrubbed.wav",28915.12,28915.72,2,2,2,3,2,3,2,3,2,2,2,2,2,2,2,2,2,FALSE
"960","0274_000221_scrubbed.wav",28916.59,28917.33,2,2,2,2,2,3,3,3,2,2,2,2,2,2,2,3,2,FALSE
"961","0274_000221_scrubbed.wav",28918.48,28919.8,2,2,2,2,2,3,3,3,2,2,2,2,2,2,2,3,2,FALSE
"962","0274_000221_scrubbed.wav",28921.12,28921.83,2,2,2,3,2,3,3,3,2,2,2,2,2,2,2,3,2,FALSE
"963","0274_000221_scrubbed.wav",28928.98,28929.58,2,2,2,3,3,3,2,2,2,4,3,2,3,2,2,2,2,FALSE
"964","0274_000221_scrubbed.wav",28930.57,28931.28,3,3,2,3,3,4,3,2,4,4,3,3,3,4,3,2,3,FALSE
"965","0274_000221_scrubbed.wav",28932.12,28932.72,2,2,2,3,2,2,2,2,2,4,3,2,2,1,2,2,2,FALSE
"966","0274_000221_scrubbed.wav",28959.69,28960.29,2,2,2,3,2,2,2,2,3,3,3,2,2,1,2,2,2,FALSE
"967","0274_000221_scrubbed.wav",28967.64,28970.04,4,2,2,3,2,4,4,2,5,3,3,4,3,5,4,3,3,FALSE
"968","0274_000221_scrubbed.wav",28974.98,28975.67,2,2,2,3,2,5,2,2,4,3,3,2,5,4,2,2,2,FALSE
"969","0274_000221_scrubbed.wav",28975.67,28976.69,4,2,2,3,3,3,3,2,3,3,3,2,2,3,2,2,3,FALSE
"970","0274_000221_scrubbed.wav",28976.69,28977.74,4,3,3,3,4,3,3,2,3,3,3,3,3,3,3,3,3,FALSE
"971","0274_000221_scrubbed.wav",28979.05,28979.73,4,2,1,2,2,2,2,2,3,3,3,2,2,1,2,2,2,FALSE
"972","0274_000221_scrubbed.wav",28983.29,28983.93,3,2,2,3,2,3,3,2,3,3,3,2,2,2,2,3,2,FALSE
"973","0274_000221_scrubbed.wav",28983.93,28984.93,3,3,3,3,3,3,3,2,2,2,3,3,3,2,4,3,3,FALSE
"974","0274_000221_scrubbed.wav",28984.93,28985.66,3,2,3,3,3,3,3,2,3,3,3,3,3,3,2,3,3,FALSE
"975","0274_000221_scrubbed.wav",28987.77,28988.37,3,3,3,3,4,3,3,2,4,3,3,3,3,3,3,3,3,FALSE
"976","0274_000221_scrubbed.wav",28992.83,28993.43,2,2,2,3,2,2,2,2,2,2,3,2,2,2,2,2,2,FALSE
"977","0274_000221_scrubbed.wav",29015.62,29016.53,2,2,2,2,2,2,2,2,2,2,3,2,2,1,2,2,2,FALSE
"978","0274_000221_scrubbed.wav",29017.43,29018.05,2,2,1,2,1,2,2,2,2,2,2,2,2,1,1,2,2,FALSE
"979","0274_000221_scrubbed.wav",29020.09,29020.69,2,3,2,3,2,3,4,2,2,3,3,3,3,2,3,3,3,FALSE
"980","0274_000221_scrubbed.wav",29021.56,29022.16,2,2,2,2,2,3,2,2,2,3,2,2,2,1,2,2,2,FALSE
"981","0274_000221_scrubbed.wav",29023.28,29023.9,2,2,2,2,2,2,2,2,3,2,2,2,2,1,2,2,2,FALSE
"982","0274_000221_scrubbed.wav",29024.7,29025.3,2,2,1,2,1,1,2,2,2,2,2,2,2,1,1,2,2,FALSE
"983","0274_000221_scrubbed.wav",29026.99,29027.6,2,3,1,3,2,3,2,2,2,3,2,2,2,1,2,2,2,FALSE
"984","0274_000221_scrubbed.wav",29029.25,29029.91,2,2,1,3,2,3,3,2,2,3,2,2,2,1,2,2,2,FALSE
"985","0274_000221_scrubbed.wav",29210.62,29211.22,2,2,2,5,2,5,4,5,2,3,5,5,2,1,5,5,5,FALSE
"986","0274_000221_scrubbed.wav",29950.87,29952.18,5,3,5,3,5,5,5,5,2,3,2,5,2,1,5,3,5,FALSE
"987","0274_000221_scrubbed.wav",29956.62,29958.85,5,3,5,3,5,5,5,5,2,4,5,5,2,5,5,5,5,FALSE
"988","0274_000221_scrubbed.wav",30522.59,30523.24,2,2,2,2,2,2,2,2,2,2,2,1,2,1,2,2,2,FALSE
"989","0274_000221_scrubbed.wav",30524.68,30525.28,2,2,2,3,4,3,3,2,2,2,2,2,2,1,2,2,2,FALSE
"990","0274_000221_scrubbed.wav",30528.09,30528.89,1,4,2,4,5,4,4,4,2,3,2,4,3,4,4,4,4,FALSE
"991","0274_000221_scrubbed.wav",30542.01,30543.29,4,3,2,4,4,4,4,4,2,2,2,3,3,4,4,4,4,FALSE
"992","0274_000221_scrubbed.wav",31247.38,31248.03,2,2,2,2,2,2,2,2,2,3,2,1,1,1,1,2,2,FALSE
"993","0274_000221_scrubbed.wav",31320.97,31323.22,2,2,2,2,1,2,2,2,3,2,2,1,2,1,2,2,2,FALSE
"994","0274_000221_scrubbed.wav",31324.02,31324.62,2,2,2,2,1,2,2,2,2,2,2,1,1,1,1,2,2,FALSE
"995","0274_000221_scrubbed.wav",31374.87,31375.47,1,2,2,1,1,1,1,2,3,2,2,1,1,1,1,1,1,TRUE
"996","0274_000221_scrubbed.wav",31777.03,31778.15,1,2,2,2,1,1,2,2,2,2,2,1,2,2,1,2,2,FALSE
"997","0274_000221_scrubbed.wav",31779.17,31779.77,1,2,2,2,1,1,2,2,2,2,2,1,1,2,1,2,2,FALSE
"998","0274_000221_scrubbed.wav",31781.61,31782.58,1,2,2,2,1,2,2,3,2,2,2,1,2,1,1,2,2,FALSE
"999","0274_000221_scrubbed.wav",32978.5,32979.1,2,2,2,2,2,3,2,2,2,2,2,2,2,1,2,2,2,FALSE
"1000","0274_000221_scrubbed.wav",33361.73,33362.37,2,2,2,2,2,3,3,2,2,2,2,2,2,2,2,2,2,FALSE
"1001","0274_000221_scrubbed.wav",33363.4,33364.46,3,3,3,3,3,3,3,4,2,2,2,2,3,2,3,3,3,FALSE
"1002","0274_000221_scrubbed.wav",33371.93,33372.53,5,5,5,2,5,5,5,5,2,2,2,5,5,5,5,5,5,FALSE
"1003","0274_000221_scrubbed.wav",33414.14,33414.74,2,2,2,2,2,2,2,2,2,2,2,2,2,2,2,2,2,FALSE
"1004","0274_000221_scrubbed.wav",33731.79,33732.89,3,3,2,4,2,3,3,5,3,2,5,2,2,2,3,5,2,FALSE
"1005","0274_000221_scrubbed.wav",33736.57,33737.17,2,2,2,3,5,3,3,2,2,2,2,2,2,2,2,3,2,FALSE
"1006","0274_000221_scrubbed.wav",33762.75,33763.35,2,2,2,3,5,3,3,2,2,3,2,2,2,2,3,3,2,FALSE
"1007","0274_000221_scrubbed.wav",33795.56,33796.16,2,2,2,3,2,3,3,3,2,2,2,2,4,2,2,3,2,FALSE
"1008","0274_000221_scrubbed.wav",33796.98,33797.58,2,2,2,3,2,2,2,2,2,2,2,2,2,2,2,3,2,FALSE
"1009","0274_000221_scrubbed.wav",33810.27,33811.89,2,2,2,3,2,3,3,3,2,2,2,2,2,2,2,3,2,FALSE
"1010","0274_000221_scrubbed.wav",33946.85,33947.45,2,2,2,4,2,3,3,3,2,2,2,2,2,2,3,3,2,FALSE
"1011","0274_000221_scrubbed.wav",33970.16,33970.77,5,5,5,5,5,5,5,4,2,3,5,5,5,5,5,5,5,FALSE
"1012","0274_000221_scrubbed.wav",33978.12,33978.93,5,5,5,5,5,5,5,5,2,4,5,5,5,5,5,5,5,FALSE
"1013","0274_000221_scrubbed.wav",34079,34080.34,5,5,5,2,5,5,5,5,2,4,5,5,5,5,5,5,5,FALSE
"1014","0274_000221_scrubbed.wav",34095.19,34095.8,5,5,5,5,5,5,5,5,2,4,5,5,5,5,5,5,5,FALSE
"1015","0274_000221_scrubbed.wav",34100.59,34101.2,5,5,5,5,5,5,5,5,2,4,5,5,5,5,5,5,5,FALSE
"1016","0274_000221_scrubbed.wav",34120.31,34121.02,5,5,5,5,5,5,5,5,5,4,5,5,5,5,5,5,5,FALSE
"1017","0274_000221_scrubbed.wav",34122.85,34123.48,5,4,5,5,5,5,5,5,5,4,5,5,5,5,5,5,5,FALSE
"1018","0274_000221_scrubbed.wav",34139.47,34140.54,5,5,5,5,5,5,5,5,5,4,5,5,5,5,5,5,5,FALSE
"1019","0274_000221_scrubbed.wav",34245.23,34245.83,5,3,2,5,5,2,2,3,5,4,5,2,2,5,2,3,2,FALSE
"1020","0274_000221_scrubbed.wav",34498.13,34498.73,5,2,2,3,2,3,2,2,3,2,5,2,2,2,2,2,2,FALSE
"1021","0274_000221_scrubbed.wav",35003.61,35004.4,5,3,2,4,2,4,3,4,5,3,2,2,2,2,4,4,2,FALSE
"1022","0274_000221_scrubbed.wav",35073.01,35073.76,5,5,5,5,5,5,2,5,3,4,5,5,5,5,5,5,5,FALSE
"1023","0274_000221_scrubbed.wav",35295.77,35296.37,5,2,2,2,2,2,2,5,2,2,2,1,2,1,2,2,2,FALSE
"1024","0274_000221_scrubbed.wav",35297.17,35298.3,2,2,2,2,2,2,2,2,5,2,2,2,2,1,2,2,2,FALSE
"1025","0274_000221_scrubbed.wav",35309.13,35309.73,2,2,1,2,2,2,2,3,2,3,2,2,2,1,2,2,2,FALSE
"1026","0274_000221_scrubbed.wav",35310.98,35311.58,2,3,1,5,2,2,2,3,4,3,2,1,2,1,2,2,2,FALSE
"1027","0274_000221_scrubbed.wav",35379.68,35380.28,2,3,1,3,2,3,3,2,3,3,2,2,2,1,2,2,2,FALSE
"1028","0274_000221_scrubbed.wav",35399.79,35400.39,2,3,1,3,2,3,2,5,2,3,2,2,2,1,2,2,2,FALSE
"1029","0274_000221_scrubbed.wav",35444.13,35444.93,5,5,5,5,5,5,5,5,2,4,2,5,5,1,5,5,5,FALSE
"1030","0274_000221_scrubbed.wav",35469.21,35469.81,2,3,2,5,2,2,2,2,2,2,2,2,2,1,2,2,2,FALSE
"1031","0274_000221_scrubbed.wav",35514.59,35515.19,2,3,2,5,2,2,2,2,2,2,2,2,2,1,2,2,2,FALSE
"1032","0274_000221_scrubbed.wav",35532.23,35533,2,2,1,5,2,2,2,2,2,2,2,2,2,1,2,2,2,FALSE
"1033","0274_000221_scrubbed.wav",35541.98,35542.58,2,2,2,5,3,3,2,5,2,2,2,2,2,1,2,2,2,FALSE
"1034","0274_000221_scrubbed.wav",35554.48,35555.11,2,2,5,2,5,5,5,5,5,2,5,5,2,2,2,2,2,FALSE
"1035","0274_000221_scrubbed.wav",35560.17,35560.8,5,2,5,3,5,5,5,5,5,2,5,5,5,5,5,2,5,FALSE
"1036","0274_000221_scrubbed.wav",35654.64,35655.24,2,2,2,3,5,3,2,3,5,2,2,2,2,2,2,2,2,FALSE
"1037","0274_000221_scrubbed.wav",35660.92,35661.64,2,2,1,3,2,3,2,2,5,2,2,2,2,2,2,3,2,FALSE
"1038","0274_000221_scrubbed.wav",35675.2,35675.81,2,2,1,3,2,3,3,2,5,2,2,2,2,2,2,3,2,FALSE
"1039","0274_000221_scrubbed.wav",35679.06,35679.82,2,2,2,3,2,2,2,2,5,2,2,2,2,2,2,3,2,FALSE
"1040","0274_000221_scrubbed.wav",35682.97,35684.85,2,2,2,3,2,2,2,2,2,2,2,2,2,2,2,2,2,FALSE
"1041","0274_000221_scrubbed.wav",35691.62,35692.23,2,2,2,5,2,2,3,4,2,2,2,2,2,2,2,3,2,FALSE
"1042","0274_000221_scrubbed.wav",35698.61,35699.21,2,2,3,4,3,4,4,4,2,2,5,2,2,2,4,5,2,FALSE
"1043","0274_000221_scrubbed.wav",35816.14,35816.8,2,2,2,3,2,3,2,3,2,2,2,2,2,2,2,3,2,FALSE
"1044","0274_000221_scrubbed.wav",35831.2,35831.8,2,2,2,3,2,2,2,3,2,2,2,2,2,2,2,3,2,FALSE
"1045","0274_000221_scrubbed.wav",35835.75,35836.36,2,2,1,2,2,2,2,2,2,2,2,2,2,2,2,2,2,FALSE
"1046","0274_000221_scrubbed.wav",35836.36,35837.49,2,2,2,3,2,2,3,3,2,2,2,2,3,2,2,2,2,FALSE
"1047","0274_000221_scrubbed.wav",35838.32,35840.23,2,2,2,2,2,2,2,3,2,2,2,2,2,2,2,2,2,FALSE
"1048","0274_000221_scrubbed.wav",35841.67,35842.31,3,2,2,3,2,2,3,4,2,2,2,2,2,2,2,2,2,FALSE
"1049","0274_000221_scrubbed.wav",35844.04,35845.09,2,2,3,3,3,3,3,3,2,2,2,2,2,2,2,3,2,FALSE
"1050","0274_000221_scrubbed.wav",35846.48,35847.4,2,2,1,2,2,1,2,2,2,2,2,1,1,2,1,2,2,FALSE
"1051","0274_000221_scrubbed.wav",35850.25,35851.05,2,2,2,2,2,2,2,3,2,2,2,2,2,2,2,2,2,FALSE
"1052","0274_000221_scrubbed.wav",35851.85,35852.46,2,2,2,2,2,2,2,2,2,2,2,2,1,2,1,2,2,FALSE
"1053","0274_000221_scrubbed.wav",35854.09,35855.1,2,2,2,2,2,2,2,2,2,2,2,2,2,2,2,2,2,FALSE
"1054","0274_000221_scrubbed.wav",35858.85,35859.94,2,2,1,3,2,2,2,2,2,2,2,2,2,2,2,2,2,FALSE
"1055","0274_000221_scrubbed.wav",35859.94,35860.94,2,2,2,3,2,2,2,2,2,2,2,2,2,2,2,2,2,FALSE
"1056","0274_000221_scrubbed.wav",35862.34,35863.34,3,2,2,3,2,3,3,3,2,2,2,2,2,2,2,3,2,FALSE
"1057","0274_000221_scrubbed.wav",35863.34,35863.94,2,2,2,3,2,2,2,2,2,2,2,2,2,2,2,2,2,FALSE
"1058","0274_000221_scrubbed.wav",35874.87,35877.35,2,2,2,3,2,2,2,2,2,2,2,2,1,2,2,2,2,FALSE
"1059","0274_000221_scrubbed.wav",35883.57,35884.62,2,2,2,3,2,2,2,2,2,2,2,2,2,2,2,2,2,FALSE
"1060","0274_000221_scrubbed.wav",35901.23,35902.03,2,2,2,3,2,3,3,4,2,2,2,2,2,2,2,2,2,FALSE
"1061","0274_000221_scrubbed.wav",35906.96,35908.33,1,2,2,2,2,1,2,2,2,2,2,1,1,1,1,2,2,FALSE
"1062","0274_000221_scrubbed.wav",35910.31,35911.08,1,2,2,2,2,2,2,2,2,2,2,2,2,2,2,2,2,FALSE
"1063","0274_000221_scrubbed.wav",35913.24,35914.37,1,2,1,2,2,1,2,2,2,2,2,1,2,1,2,2,2,FALSE
"1064","0274_000221_scrubbed.wav",35916.69,35917.29,1,2,1,2,2,2,2,2,2,2,2,1,2,1,2,2,2,FALSE
"1065","0274_000221_scrubbed.wav",35918.63,35920.14,2,2,2,3,3,2,3,2,2,2,2,2,2,2,2,3,2,FALSE
"1066","0274_000221_scrubbed.wav",35920.97,35922.03,1,2,2,2,2,2,2,2,2,2,2,2,2,2,2,2,2,FALSE
"1067","0274_000221_scrubbed.wav",35922.03,35923.23,1,2,2,2,2,2,2,2,2,2,2,1,2,2,2,2,2,FALSE
"1068","0274_000221_scrubbed.wav",35924.13,35924.73,1,2,2,2,2,3,3,2,2,2,2,2,2,2,2,2,2,FALSE
"1069","0274_000221_scrubbed.wav",35926.04,35927.04,1,2,2,3,2,2,2,2,4,2,2,2,2,2,2,2,2,FALSE
"1070","0274_000221_scrubbed.wav",35927.04,35929.06,1,2,2,2,2,2,2,2,2,2,2,2,2,2,2,2,2,FALSE
"1071","0274_000221_scrubbed.wav",35931.06,35931.86,1,2,2,2,2,2,2,2,2,2,2,1,2,2,1,2,2,FALSE
"1072","0274_000221_scrubbed.wav",35933.57,35937.27,1,2,2,2,2,2,2,2,2,2,2,1,2,2,1,2,2,FALSE
"1073","0274_000221_scrubbed.wav",35938.46,35939.81,1,2,2,2,2,2,2,2,2,2,2,1,2,2,2,2,2,FALSE
"1074","0274_000221_scrubbed.wav",35941.46,35942.06,2,2,2,2,2,2,2,2,2,2,2,1,2,2,2,2,2,FALSE
"1075","0274_000221_scrubbed.wav",35947.2,35948.06,2,2,2,2,2,2,2,2,2,2,2,2,2,2,2,2,2,FALSE
"1076","0274_000221_scrubbed.wav",35949.06,35949.66,2,2,2,2,2,2,2,2,2,2,2,2,2,2,2,2,2,FALSE
