"","wavFile","V2","V3","V4","V5","V6","V7","V8","V9","V10","V11","V12","V13","V14","V15","V16","V17","V18","V19","V20","V21","V22","V23","V24","V25","V26","V27","V28","V29","V30","V31","V32","V33","V34","V35","V36","V37"
"1","274_81_116.87_117.47.wav","3679.82834843012","-443.580478031301","40.485816028789","-23.9309683645125","-115.16017960601","33.3020449493844","-205.97454974091","199.096403625834","57.7065293738599","-38.8731717372617","35.0180605932487","-6.51939437843742","-37693.3259537925","-37017.931964022","-33653.1180495318","-24782.2174234037","-12996.1443494792","2025.73173905716","444.830144775785","639.511662283556","559.11446823205","5.15964398697663","84.8751572913055","-991.970863528013","146277.861806712","262830.200549377","333339.875222067","366490.11986622","360985.938118091","315013.496650957","235038.401588113","130477.18489313","37609.3241427835","-20118.417797816","-14740.952781685","-14250.2931343758"
"2","274_81_118.98_119.9.wav","6763.07313668596","-192.472738061024","-452.183643548964","-480.276885979281","-321.768996262268","-337.609622687929","-702.510406347334","-92.5445947348727","-397.937445858738","262.390495687521","-462.922156380999","-440.176523030704","-71455.4780350055","-71359.2142619057","-65621.8708640696","-49979.0806767504","-28702.2441625058","2376.9147004686","2277.77622243239","1241.51516867762","52.7807822530011","-383.514518535129","-780.605424683123","-2899.63334878537","247205.605679736","472375.674446842","623316.796566328","696379.620213358","691990.513111007","614347.965988244","464526.410589918","264336.851647141","79639.0061256757","-45754.1041525314","-41554.030929587","-32573.1020475698"
"3","274_81_125.78_126.4.wav","3775.293675287","-551.447881642088","-328.490654447912","-13.3675532571952","148.152295585262","-31.2612775081807","29.7345331525223","-175.132043783779","-86.3287202989635","113.508193868277","12.3371496679619","-17.1677933959487","-38408.8594208384","-37788.7507371092","-33118.103857942","-25521.3641443855","-13618.985417819","2944.36336100239","1131.10565979586","-249.170709005482","-365.15443290521","330.261327546102","293.929311511412","548.482864668006","149023.601650958","270848.259252224","344066.663266822","372223.996725581","361757.706576908","316029.374482107","234517.136993428","139293.668064592","48387.3109809276","-9076.99947895758","2107.96567277733","6622.52281481399"
"4","274_81_131.84_132.59.wav","6233.18384353384","-647.80853651297","-247.535900212155","-249.258769366805","-441.227755813152","-293.388204244465","-470.371860752936","-139.919335291177","-101.998936855062","-305.950610567666","-241.443779329459","-383.157729119237","-65987.4061036287","-65575.1279587014","-59344.2123920298","-45087.9310192244","-24306.8648738494","1993.57735706396","686.219466797676","407.004201692832","254.79641972182","-723.357334728501","-1020.3833580293","-2112.55813899768","243119.255740455","445407.701412515","574485.732062818","635773.276082276","630057.578668528","554187.063713628","413925.786621261","235895.643637706","71915.2532651468","-31135.1792607648","-24877.7073669611","-21050.8894284273"
"5","274_81_136.9_137.55.wav","4177.81490604412","-608.819731528736","-647.713846296557","-210.790514143305","85.4649308409114","-345.700646009657","-125.091229156412","122.788824188266","2.11022996387674","70.5899770531801","-201.335116633165","231.484816831688","-43972.9083036293","-43973.8517265403","-38568.8419299844","-27869.4057848494","-13597.657934756","5123.71357977477","2931.43646068688","1868.48388672371","2110.94931039855","3392.41662801948","2372.0361753968","1877.51734419899","180618.698356212","325123.310051441","411762.191386915","447244.917662219","437856.11344187","387509.320877977","285710.96445739","162613.693792853","52567.2445798083","-15867.388511818","-6170.33930974533","-4188.47946753634"
"6","274_81_138.35_138.99.wav","3910.99069732992","-352.872872898252","-271.108099072972","-190.814300050298","-43.8834341790918","-210.260614073156","-289.207673826608","109.173515528923","-94.29696469651","-144.826484819863","-157.388471816983","-41.0574428608523","-40752.9726812107","-40735.3364313027","-36912.2371090054","-27295.4146581295","-14690.6569463543","1717.27034695386","811.449023282506","584.291283480795","528.551882580337","1057.70995384646","752.156134324025","-117.336155177975","152321.044402987","278823.770935594","359232.969145352","397169.114691409","393545.038669174","350756.070368211","265022.385403642","153438.735326924","53144.2965507585","-11304.4321694827","-8286.84521435932","-7963.7583754609"
"7","274_81_140.07_140.75.wav","4964.52919498312","-580.90550599694","-501.398051067107","-398.498202930262","-163.282941389985","-447.148900022393","-13.5982966844376","-65.0268209863674","-265.598601200727","420.310463609775","-140.835422402648","-221.403338631093","-53077.6199323131","-53222.1308310184","-46220.7612213663","-34446.9782172544","-18445.9263180305","5528.88963661933","4076.1672736925","2258.64043690674","675.618128369196","91.5772632338648","-1853.67299782239","-1856.91580358018","207987.906125495","382439.261259641","492473.217373149","538083.278933507","522024.990890496","449877.301326261","316056.859028727","165861.835723227","30171.8820204999","-58102.8745997815","-43092.5619612642","-27960.0556971817"
"8","274_81_14311.88_14315.03.wav","27849.0176417638","-1260.72854056655","-734.056972927739","-1972.6871184672","-3928.77832009906","-2205.92467019314","-767.036852632426","-1754.69102494158","-1150.54628745554","410.658431683062","-2631.28634108606","365.75496837589","-302852.193539858","-303779.64126857","-268896.595415082","-209348.111756435","-117779.340481138","9033.81359993286","5568.81688835612","18095.9010533407","23330.0225493243","16445.2459503055","13880.2043123414","15937.9221236118","1087787.40610599","2023726.34942694","2633919.2987618","2985799.57432839","3037668.2412857","2735815.58575776","2099768.08554425","1328706.84026234","570553.49573497","44957.9737040418","19710.9594737173","-29765.1468381699"
"9","274_81_14414.37_14416.2.wav","16641.6586993511","-505.665971685753","-79.1449408244699","-974.978196255456","-1689.79059911812","-1965.82354652695","-1122.94343478896","-991.792534405889","-1261.47073569442","-126.229971978594","-1963.33599098397","-496.725619436562","-176764.639832084","-181378.354310308","-164013.066095702","-128358.572145424","-76149.3397665429","-1496.01489775294","-3159.84878883893","4633.0339798693","8364.3311500347","8043.31372906786","5149.06659137531","5000.12208528236","568568.836316686","1112484.10904365","1474475.42127194","1694033.47353182","1747119.04066041","1613791.56712301","1261010.57908256","807932.833189095","364114.368866034","47983.3722066715","23969.538039434","-14859.6025662688"
"10","274_81_145.43_146.05.wav","3815.07874501956","-483.237315294421","-66.3397185605267","-139.380680056038","-30.4220523624967","3.60918405102492","-183.81523490378","117.888903665891","-316.895643187514","8.20898918931916","-112.686145062655","82.4273432055659","-39306.5344522292","-38572.7179497516","-34777.1295621247","-25775.8306402958","-14816.4800645268","1575.26342895657","-201.284160307605","516.559016938799","720.430324941555","1247.28674815041","1831.44995785882","1399.67291363866","148344.955269296","268588.167201821","340843.390896104","376864.737007451","373878.474881641","332972.673671495","257518.786612192","158911.565406532","69134.0363342526","6977.75658688405","10564.041328767","5443.17863964702"
"11","274_81_146.98_147.78.wav","6840.71101949183","-229.625453366257","-400.988067328897","-753.231850330071","-480.107723125302","-329.588146892082","-418.404480092044","-234.537311924419","-222.167092571634","-110.181162924701","-148.106415886316","-327.703880942578","-73618.8382264338","-73073.2377198516","-65712.6033796853","-50357.3848672647","-27877.4371460167","2113.33240588257","3551.61076406144","3333.1671547221","1280.22044399059","167.366399895416","-345.293605216376","-1303.91954227748","269108.034599255","494582.027335604","650076.962872351","727527.674981246","719814.59486606","632751.039904068","472578.64282821","272646.969590304","85082.7050770942","-39135.2861548632","-39972.9472310635","-30201.9645682095"
"12","274_81_151.64_153.54.wav","12560.9621276334","-396.396235099036","-1282.34053597765","-1420.13635561642","-791.7582107146","-142.399032747397","-514.023025116155","10.1450157278499","-82.6961963711097","-739.847884589546","-144.373482702211","-107.512342906243","-135998.140493096","-132677.105286678","-118139.204889354","-88429.6471759046","-46540.6371989454","5363.42434914452","8163.40170334459","6429.07935993862","2830.94972526739","1062.08680239506","1855.77390155041","756.454349020803","539574.399542078","946814.691489539","1223893.32801156","1349873.13296351","1319033.19952375","1142288.72417413","848263.945957737","487998.512329613","157385.208030362","-52969.1479090191","-51100.2876559162","-30624.5706316892"
"13","274_81_154.78_155.42.wav","3711.582361713","-277.23454136212","-45.5413816050855","-224.374749916263","-340.742148978876","-234.098214216332","-241.656076219515","-377.321088752836","-181.350105217447","-283.539859833817","-246.939234862786","-99.838088210968","-39520.2337673666","-39568.7338023696","-35701.784709456","-28424.2572287431","-16273.9423634229","-639.454049637662","-807.525529797106","740.97806893655","1449.6115327202","1451.87133948549","1746.4467592956","1868.97274308443","133861.493312464","251272.395217904","329130.231484979","374469.373909418","382381.838352689","349333.496722934","276248.851490552","181673.875096229","85915.7786529297","20616.0265644041","15345.8009382971","6726.79111867088"
"14","274_81_161.11_162.2.wav","6818.52058249077","-358.725101866298","-28.4760997914865","-680.42757202085","-505.035759411961","-476.857329010494","-575.440941542886","-491.420204918883","-474.155724923939","-335.963145868512","-689.16663440997","-405.725583443027","-72662.3088800674","-72997.0736630188","-66430.7949845985","-52134.4718356485","-30459.149979309","-938.381499333212","-1562.17166694926","929.488912220177","538.64161389434","750.051390035121","1003.04314221431","691.985086164068","242524.409744277","460792.374209518","604841.250623562","687756.632141166","695516.826673178","630921.709815792","492252.375782262","311170.0861114","134446.632114526","13273.3304775367","8552.73617495332","-917.175551207627"
"15","274_81_163.88_164.58.wav","5102.58263791439","-636.227937328931","-583.436970737546","-438.05163301767","288.298942710792","-49.3552871279765","-178.219098541887","136.462104173492","-600.586803314679","310.620100173351","-177.996897504593","7.39474009388688","-52989.8873861578","-51817.8909362963","-46009.4118070481","-33661.4061304822","-19295.475550128","4418.45208540737","2275.82139175541","680.481041629939","-778.76433072758","948.296802445651","1267.99098904195","886.616091346834","207896.038719226","376354.03148481","478833.162004222","519665.222345218","500989.932768996","437011.764670037","326234.171378167","189887.592216419","68385.0135391064","-15835.9344582646","-1669.33591943364","5315.94514519803"
"16","274_81_16364.68_16366.28.wav","11007.012592089","350.386259229715","6.76786894658024","-767.11615046382","-476.485606406923","-503.232962392187","-1392.10017113735","-1033.71666413308","-1069.81744924986","-234.71045850557","-659.23643410673","-284.492143750402","-113913.494800787","-115039.979021661","-108211.686523035","-87550.7472331651","-54993.4818275402","-7018.95841759941","-2783.94752376524","2241.57127341498","3688.92998624018","6106.81741263645","8198.97459644988","5628.05491789573","325045.426930481","662765.487865485","910531.055992638","1067269.15203149","1113641.61684744","1052083.20658195","873240.691733919","595017.00704669","306258.277367881","87107.0725661344","47206.9480686564","15834.864704854"
"17","274_81_166.18_167.01.wav","5136.92593478635","-639.266735206964","-393.753198713368","-147.797952893011","161.80105214071","-74.5780067663724","-247.045316941234","-434.927101841779","-252.283007351729","-30.6523578850776","-191.623010605628","-57.1357353850774","-52592.2221306134","-51871.5173230062","-46629.1778145458","-36754.39419396","-20577.1811587858","1875.76341639298","-28.5596766055186","-615.00971085518","-308.300979331346","1455.74055985316","2256.82359202804","2178.12780194732","188220.441137012","351555.765292882","452805.811529752","499146.395175615","494736.601327815","445099.052485471","348221.397119396","223112.315220265","98569.845807571","15980.9195748402","22901.4072572703","19997.9150891536"
"18","274_81_168.87_169.67.wav","4024.95598559916","-794.730363998252","-194.278782336451","-270.529099699744","-227.191501419927","-148.279695290814","-112.331188177105","-19.8260499209476","-222.78926506696","-122.532859857222","-158.39394185581","140.644795761031","-43153.2010894417","-42259.5901231505","-37048.9494475146","-27331.0010450778","-14380.1234677049","3219.52498117301","724.786199525937","1792.12385451278","2143.28634458569","2299.96293059689","2483.36225007272","2557.57961406524","175661.024870184","309558.788878324","387104.871689261","425042.317831178","419439.088989432","369166.079057703","278641.557215294","169724.155833813","69789.967402935","4721.5861997787","10713.744159242","4894.15357757765"
"19","274_81_16806.63_16807.45.wav","3806.22354829718","-683.750133965772","-203.647202440865","-11.1000864005825","-112.469705879724","-93.4615413544708","-468.89803686119","115.186759899021","-120.039627595705","-210.040596104784","-289.401711804712","-155.151383085098","-39636.4591045399","-38999.3381412708","-35964.278070377","-26317.757227284","-13921.1051457717","2041.80623759717","-746.331108746461","-991.300904748163","-322.03093990422","-15.5577757714729","428.637888192917","-942.659083645664","150799.004498435","274168.708033528","344707.596841108","375376.478468889","370077.281756253","326689.549535513","248643.303458207","140859.193818552","46286.069407631","-11678.8927393669","-2807.74403164642","-4892.81673440132"
"20","274_81_17002.62_17003.66.wav","7847.20229178064","-661.199969614356","-48.1568316645556","-554.973497506937","-1129.34301193721","-409.814565566623","248.492832136348","-460.184052190027","-221.626197916655","1.18464186493658","-832.47542512546","-168.381119632525","-85411.8290910195","-84657.414042563","-73012.7525459472","-56604.0891269928","-30933.8079469741","3696.54508186824","296.264185689722","2788.85165674303","2867.5800865524","-312.131433664025","-855.162614332182","1651.90974758041","329887.872606863","589882.116596813","747166.862829162","828713.865669013","822375.101480341","715038.08203323","524201.315448374","317813.894366016","118805.128084903","-10108.2311706891","1544.45702337537","-1759.62392916493"
"21","274_81_1826.16_1826.77.wav","4910.8542087357","-664.718303398845","-447.05657272095","-210.948696615967","126.914579071233","-89.9793754195435","-229.00670261878","-262.989512906442","-561.268460710277","305.014677318178","-20.4832841794452","34.0610987335315","-50792.5613097607","-49956.6698177743","-44676.0540504297","-34391.5086128812","-20126.2352449059","3076.29334462914","1704.80705891854","995.57193902991","985.758528211713","2420.25170048001","2863.12858063214","2486.82835063501","184937.368360706","346393.009465213","448493.850772489","495260.383231531","490199.528798509","439098.327216588","340735.277604967","214450.307511674","92425.1822050585","4848.08677480337","10670.5706966827","10225.0881840031"
"22","274_81_18678.62_18679.22.wav","4121.2376395993","-65.8962006913289","-8.77789677926557","64.7859818433843","62.8824061579712","-196.597453446419","-417.138790914317","11.0163101772535","-236.047518268897","-26.4007235977668","-42.2910630329089","-33.0470579341463","-40849.9408200808","-41689.3249243972","-39093.0392855396","-30245.756811802","-18276.5083224269","-1111.3874964992","-797.858866568087","-185.367834340035","819.211752156148","1912.10650000279","1803.53141391961","428.699244984659","124780.700980218","249639.780338387","336014.420892699","384786.94362241","396913.211712365","371741.90622147","299177.332544576","190602.002047914","86741.3453894161","12052.4751210065","4484.00141482392","-3056.91588318692"
"23","274_81_18890.53_18891.13.wav","4643.79289719933","-7.47066554715367","-189.644400453444","-264.201884872049","-171.352509785315","-612.176906490665","-543.098499342018","249.887685512357","40.4671056976469","-419.112641530691","-69.2971687843002","-287.383494811266","-48302.7041322048","-50118.7422975095","-46402.4970305296","-34327.4156275908","-18696.111332224","-299.800234268775","1302.3604796696","1183.13371820579","788.858629006786","882.01202518066","-1112.92557714626","-3087.26455540934","162336.612751811","310682.17810259","417433.482411186","474102.815062052","479709.209505712","436596.654772857","327239.442646784","179560.284222195","48941.3003371799","-34761.3131431825","-42091.2179105835","-38622.8547871521"
"24","274_81_19237.43_19238.04.wav","4710.09430771985","-539.149062754414","-404.952196241017","-169.376937938324","548.83095007514","23.2088946951125","-341.339139606324","149.736716828391","-388.920528151183","-150.636512892692","-221.628722557333","-98.45036126709","-46762.8035459494","-46105.3207203103","-42219.1446188523","-31317.2316443292","-18009.5900588329","1350.20242356835","-959.459964447732","-2422.94491493295","-3015.05540887862","-87.0530394282166","860.120364464286","106.212852811808","171094.37033316","314146.467069758","399846.908284774","433890.066116348","421224.923341122","376524.041906627","292223.517709377","177372.802888032","74706.295467638","7154.55147758481","18285.9669878933","19113.0601288779"
"25","274_81_212.53_213.13.wav","3870.20983249028","-260.105629303152","-193.149075822938","-288.927929515148","-190.642094098143","-57.5772901999172","-199.177207721603","-64.2195553525503","-45.1585867694375","22.3903455251341","-40.041687334389","-41.0977007510084","-40977.8542707898","-40275.3387028501","-36211.435682307","-27538.3150120757","-14854.5210796692","2014.83700117537","1830.70912857982","1757.07602775009","1052.49728338738","591.517487345552","646.317317447721","-23.3620295074473","155047.30328553","281986.261767134","365196.01748639","405302.677402957","399856.092043534","350535.235945766","263376.78524997","152937.476248772","49675.6969459296","-17682.0656774479","-15524.1969467644","-12248.7685483758"
"26","274_81_21886.96_21887.56.wav","4085.5797812355","-240.341661245994","-317.507920534293","-228.171046103404","-42.1105905105863","9.54176061646902","-336.297082910896","-20.9760233059239","-241.347671993426","-105.374011023656","106.819931238966","-113.559636714129","-42584.1108150221","-41717.812554162","-38158.8316467923","-28916.6896368563","-16449.4784171288","888.554899706597","1636.71056544421","770.355070442978","146.735663776032","338.807125683894","860.589389430577","-223.721167128967","155257.649723391","284054.681577157","372371.670379144","413002.41582066","407784.217750044","360603.45904826","276918.402765058","164112.606848874","59582.4105027064","-11304.6982145512","-11727.3975976314","-7297.04258518806"
"27","274_81_22037.45_22038.05.wav","4945.74197040358","-336.939684756288","-598.464169637858","-93.4891079753914","373.61612617547","-64.2023697453914","-423.475864809676","-34.577804005651","-377.626317547279","-178.377097909523","-151.93231432879","-268.987181147331","-49777.2905472921","-49378.8231900796","-45407.5054729752","-34511.3776774416","-20007.1241616652","617.494520613126","58.6031297281233","-2461.1375232664","-2785.47985643912","-598.797945685599","41.3947927864251","-909.995132661035","174016.441657905","325791.250242519","424935.708195688","464165.309859859","454781.389167313","407152.385426928","314897.996824887","189274.419123712","73633.9700598913","-3086.5939698279","4218.80638284017","10257.2394343574"
"28","274_81_22860.37_22860.97.wav","4454.02467201407","-152.962649966215","-450.021543618587","-168.274763155977","321.918717857162","-67.673815578329","-226.786606803449","-24.7294943545269","-153.208142106139","-43.9322404306282","84.2636553961271","-122.732622482207","-44810.4018753834","-44631.756898813","-40567.8645995508","-31014.9325716754","-17497.1609684378","1064.94705562198","1602.85896553211","-409.735009695311","-1340.88400374606","133.392266595119","104.357210098212","-665.182995620417","159303.091067141","297274.594328106","391522.396297706","431306.561525482","422965.463911366","377051.953506977","286971.733617474","169396.700292496","59683.6455029651","-12790.3008464331","-9285.6850483497","-1361.37964947322"
"29","274_81_234.4_235.03.wav","5584.39969832208","-265.578911503066","-487.066683240052","-702.170774418181","-390.863418223656","-550.003885957104","-42.652272125285","122.086755321075","-218.861848156743","-343.278726316149","-41.7921440754939","-249.603322642302","-60753.6752573531","-61108.0110137966","-53298.5367306336","-39203.0543672378","-21009.0534747523","2490.54145157447","3873.86808237634","3094.72437279847","1002.59684673219","14.4386498626594","-1910.68198125547","-1599.4451065293","238186.291097745","422767.112490463","549637.023697461","608762.816726418","595671.700020959","516871.678423936","367831.381613007","199886.074684257","50719.0879483811","-45081.5035857752","-42793.7288565208","-29499.3344151533"
"30","274_81_23772.82_23774.5.wav","15769.6858792359","-1382.22847170128","-70.7721647122154","-1118.20128586414","-2399.05615085585","-369.12581208767","-1005.23968889289","149.889132081811","9.55060784243723","148.878872977158","-1374.96126764852","698.797275066982","-172171.4600545","-168677.705229717","-151589.594220832","-113106.042359919","-59564.0478488093","10295.3949942326","3920.71252634473","12391.0785602115","14854.7295485394","9097.10765097761","10391.2840213339","7436.96792050949","672283.388398626","1206402.35803483","1532555.74275076","1716498.4190213","1725733.16063045","1524911.22504631","1165466.20136203","700575.479067828","269075.95393685","-15256.6089190077","-17292.973328975","-48344.3230046584"
"31","274_81_23778.73_23779.41.wav","4821.95084719324","144.221230284297","-143.429780843343","-283.684917513592","-176.779028072967","-249.125435809668","-290.257019966322","-144.16538239893","-293.711973097312","4.27947168090693","-91.0685293376748","-19.6577623946529","-49920.3176681674","-50457.1469152605","-46087.4262159773","-36021.1310992649","-21586.9061157539","-845.052532839503","944.432336968227","1816.5949785318","1863.70991829544","2181.32715014326","1980.09107762927","1343.72941091699","162160.159573649","312932.559788547","421787.634347349","483266.609467269","493197.131699545","452614.095272749","356440.323502121","227132.47056817","100724.937590887","9123.6690209764","-1698.96716103258","-5762.96093775942"
"32","274_81_24.38_25.94.wav","15041.9263290539","-1368.49420965058","-1469.21100003305","-1250.20114889087","-396.177947757633","-600.507261522165","-238.791903820935","-430.014856564115","-38.6510691706398","-778.213155542625","-1077.19458708174","-269.350840954623","-160061.494737959","-157979.439477715","-138808.089196091","-105120.912492564","-54396.3394538459","8450.56263760924","3869.57579398202","1725.08036038204","-524.22597658544","515.733384176992","407.219069313766","1776.12512238914","632071.234216615","1122178.26538727","1425449.29180785","1556211.26596208","1516189.43967011","1320790.18205981","974789.915369136","571735.365751861","196532.485333738","-31944.5675057458","-2359.57446418899","10994.9218744518"
"33","274_81_24270.78_24274.75.wav","29602.7129139813","-1618.45695283455","-129.138857792545","-831.794177944738","-876.840281781042","355.490324102988","-563.707651514495","-269.179762858763","-1050.58889521173","332.378956414299","-320.74609811055","997.599942126779","-303906.607469192","-299028.415902427","-268579.793648254","-206786.639273962","-118247.228752241","6477.35498517631","1753.92312798199","8452.75505222295","10511.5715757836","10515.7634600913","14807.1681499112","13860.47334362","1109529.23866213","2028080.73617972","2617354.54381417","2927763.1485484","2934047.65685546","2625930.75365478","2044948.05611792","1298586.10657441","578749.661910502","80963.15723761","74691.8691559444","37420.3034298633"
"34","274_81_24302.23_24303.15.wav","6279.06949338948","-104.527069346964","-173.261239369782","20.729147911168","-85.0357233533596","-211.273623790115","-101.6435618704","379.297479904893","-133.64897387925","-192.381714223793","-33.5764763679166","-35.0381919045139","-63519.6999316612","-64022.6995426627","-57596.8357888058","-42866.4948125879","-24288.1676380219","467.947042434681","412.751068245812","-62.9132111826003","293.151398328473","176.158991332584","-622.020449295924","-1048.28501221146","230228.473206487","420874.459158304","547312.014239269","607914.461202614","606484.379883525","540773.477606463","405659.000588884","237568.104995562","86580.3635067348","-13333.9519096386","-12707.5765495396","-10840.9490057389"
"35","274_81_26602.8_26603.4.wav","3659.77661144927","-349.972731661224","-249.350481162714","-140.033060609406","-50.9512396019089","-25.5968016748688","-459.827643285445","342.470990763994","-246.430246168625","-106.192677552147","-382.611125370539","-205.632385926189","-38070.3439487153","-37382.4236423795","-34746.0532893619","-24780.8841454118","-13854.0143285069","1540.01262048183","-454.411648354091","-1205.17131321076","-1453.06197053741","-1189.9441975098","-645.373088522696","-2091.92060333716","144070.199515786","260993.625403374","330328.99764642","359045.398929679","349905.064948127","305199.920080507","229232.261429309","123923.213930084","35785.8794645856","-20406.0694584633","-11389.9773617384","-8714.07338537404"
"36","274_81_26768.13_26768.73.wav","4370.81832068393","99.2983710005869","-169.752447767033","-39.6833713100871","-458.08652851339","-373.49959424933","-169.93318774019","13.8911865012531","-283.159680121674","-335.53408457553","-318.394237062634","-424.007969338737","-45899.7859593567","-46825.5603597641","-42192.7512192016","-32283.8930732493","-19206.311259606","-1684.24906297251","-744.874819444711","-1155.51699079621","-661.558258291275","-1875.29071377421","-2700.16705711149","-2456.70299281366","154109.872537227","287881.392197158","381194.871934816","427710.871847156","431458.437720956","385112.846071758","286814.381801592","168528.426188776","60050.7130793343","-12866.2810423266","-14922.5724476125","-11509.5387054181"
"37","274_81_26782.61_26783.21.wav","4824.09136337855","-392.657161569642","-251.217074579727","-126.269277223003","95.2235934361235","-101.429001401305","173.92089680378","-256.457237918522","-449.854794286503","-3.55568609198005","61.8065962441215","-233.635920201394","-49133.9184024391","-48864.7144881081","-42568.5906161769","-33343.8088165601","-19812.0686411182","778.814124766932","375.050444725998","-957.7466239612","-1683.38586024311","-1194.194100251","-1359.40580080851","-15.6610915405034","178057.587289777","325762.026350808","421938.678164469","463275.172856216","453532.938824358","398296.939290272","295806.388223423","182666.126666002","73096.8445820294","-2141.88434975331","5777.39299831175","12472.3271624796"
"38","274_81_27646.05_27647.56.wav","11850.5870009279","-1046.55523362029","-1775.95300445657","-575.926457511729","-314.187516574849","803.757861926338","-372.793767166452","-86.0982778132989","-1077.19188535989","-78.7443538358177","383.725152154557","-1071.43120251203","-126088.860690647","-119161.207030778","-105892.930748279","-79254.491740273","-44643.741883712","6888.57698523318","7714.39406016253","-2357.68352353074","-7134.15017444435","-10106.4173756733","-6731.71399845904","-7364.5797022704","513603.095623468","890109.774967444","1136942.28493526","1209683.22981749","1139587.13092894","938647.252719284","669862.013002852","352457.19885135","69716.2286938696","-111860.904218807","-73055.6049682","-15868.0636554425"
"39","274_81_28139.71_28140.99.wav","10029.9739412176","-227.55028239401","-892.915437209863","-706.073115354583","-510.870731835474","-1024.75250044851","-578.535823602579","578.877273334519","-771.226273155634","113.164931439829","-804.115967506884","-1154.63366116039","-106474.822842396","-108236.423277396","-97158.4305633461","-70842.2756967278","-40475.4383481869","4230.16403310914","3895.83071033788","-590.83347601382","-3881.56782913858","-5747.729718862","-9539.53752232569","-10970.3807808478","387766.363536939","721399.587555032","942990.491406535","1036264.0849599","1010490.75173438","874659.515936711","614125.953626652","304562.096097685","40390.9631193098","-131817.87803224","-110003.764844649","-74660.7734569576"
"40","274_81_28165.99_28169.02.wav","22348.9381590441","-198.134486583993","-2014.35874835872","-1343.67616265847","-635.677481019858","-442.51823674447","-1174.63411606598","517.052445554247","-1069.33364029654","-87.4933366464542","-1421.2404853455","-2136.42484344834","-234289.971985797","-231868.198054154","-209583.431244009","-157008.345912272","-88946.9192104485","6460.14050531596","6233.27989383427","-4712.33346017092","-12182.4677905853","-15319.8600320167","-15990.7086896427","-18628.2301371723","865051.944737193","1578299.40117934","2049889.30268445","2237173.4988939","2164999.51925607","1858168.4664573","1341792.77673247","710413.34590373","150954.14062684","-206578.046916033","-157393.624953361","-84255.1354056077"
"41","274_81_28171.71_28173.55.wav","13681.9587848526","-675.424586297138","-1473.50068967649","-857.19302867095","-240.912698276868","-266.825002778588","-254.338298020588","759.557671220681","-861.586646000579","-285.1404773943","-985.656029308396","-1054.39190997152","-143977.243693296","-141797.512701489","-125619.051103019","-91448.7085447104","-50840.5421416551","6616.95436667861","3452.5710738542","-3666.90481550828","-8123.95117954802","-9302.39701031677","-9796.92515189946","-9441.45286249922","569028.527824684","1005202.15978227","1278124.06050859","1375138.2429103","1314013.90097807","1112322.48320902","784876.761149686","407744.648690718","85286.6507827737","-116137.770792105","-71673.7991044715","-26973.3366517821"
"42","274_81_28216.53_28218.87.wav","17263.9039419661","215.33293405268","-1582.10233421576","-1675.12604894744","-579.175957845398","-536.627877286061","-1256.95551866014","-256.871733640914","-1220.15744105822","-132.28349228006","-1296.81254572653","-1659.57039128066","-182929.993132264","-181455.433234452","-165061.652082885","-126146.676330614","-73564.0677324057","1854.09804393997","4767.48000117859","-1245.20028536234","-7645.53108849676","-8581.66709378777","-8224.66826284681","-10346.3651247817","645024.894000954","1198669.11555707","1579182.77376594","1747948.2376952","1709427.58556502","1491877.92736991","1108780.73794915","625934.901866876","182948.657587855","-112924.854905956","-94925.2411256628","-50158.2543904547"
"43","274_81_28232.92_28234.41.wav","9947.93359056026","-512.706445191266","-782.671980331984","-270.850488630594","-240.636983690296","-243.909621284534","44.6949998923444","333.299986293151","-748.241630394285","104.367944065292","-310.506063617521","-871.822050193798","-103332.485712111","-102501.258299405","-90323.7691901465","-67088.621544617","-38565.0067615702","4065.22154026945","2576.31927911523","-2709.87498562146","-5347.81172198938","-7233.70937209261","-8504.78514366352","-7704.92538044078","394650.168761278","709389.710718094","910775.936377914","985108.57998756","948266.865925246","805896.887272396","566499.966256776","297193.456684596","61443.8415303581","-91071.3958728219","-61295.573147933","-27194.1148081051"
"44","274_81_28238_28238.61.wav","3969.59229345975","-317.157274171832","-239.959960343584","-132.320325224568","-226.378242186807","-173.715978489208","55.9581647260874","311.497931061622","-300.405847946971","320.312876622765","-554.948577924247","-389.428927022167","-41795.4740738774","-41574.5221859075","-36291.5654531274","-26072.8155262715","-14643.5863530518","3538.5158598535","435.10383324985","-1382.45171685183","-2512.34012467984","-3855.40951552145","-4772.1169030397","-4324.74062594852","167004.29565559","299740.848613362","374729.763530989","400217.878341082","380773.417162837","316673.544472028","212071.537112639","98871.4132426485","4798.21417975838","-53876.9139173565","-31960.376677048","-17697.6430839558"
"45","274_81_28241.99_28243.71.wav","12607.7135195962","355.508520031623","-1032.71061606672","-651.576323286019","-648.603426510662","-453.545977221233","-1152.4255325396","-515.973734190064","-870.541120983357","-672.715738305446","-1083.11242889944","-1804.29360952448","-132336.190583965","-132172.992647018","-121744.053434527","-95009.1679765021","-56568.8648118643","-3859.00547593524","-771.328642303367","-6070.85126273236","-8693.11942580009","-10147.8058187526","-9471.5147822441","-10938.8738900242","436397.84314661","826456.90011278","1100389.47930545","1221559.10607474","1205974.32087053","1060927.71893634","797213.886067711","457073.834965641","139803.031609191","-69336.5500105462","-60556.8258724788","-29258.8491521631"
"46","274_81_28244.88_28245.77.wav","7377.9942404841","6.74106224817449","-640.188182953439","-827.234513854532","-361.693314271993","-365.799359883844","-730.09457534436","-257.712365030768","-81.8677098880706","122.579891167913","-887.670932372401","-552.871543431174","-78982.0545071513","-78622.8769978548","-71977.0867500325","-55333.6788451274","-30351.1857141367","2908.95977145021","2527.25042101241","1144.50439495201","-1260.78992513611","-1612.7412177349","-1794.04450923376","-3609.75169448788","279837.715181663","527758.382574616","692261.198287215","769723.72496741","757438.515465149","666024.236210477","498311.318046876","279735.689892748","76009.7662076015","-54527.6189732308","-45505.7107457774","-31873.637804575"
"47","274_81_28252.09_28255.99.wav","27986.2093841678","-518.781051768497","-2472.01041436937","-1321.80272351814","-536.162767660828","-993.805606309099","-2471.34944934817","339.446336624314","-1575.16079031541","-493.286893514147","-2490.88883887471","-1795.87407308112","-291434.954963383","-290561.420431302","-266618.046280902","-200973.930153095","-115341.479485503","4179.83694377682","1665.28968961491","-5863.23752727085","-8316.86263118872","-6368.21660625707","-5448.07346914646","-11113.5810804592","1026264.32823943","1916478.55236534","2501019.79556744","2762346.685249","2728287.35707878","2418904.52067609","1832503.19112511","1058043.35491874","356299.634150958","-107142.182351501","-77205.3151126046","-44547.7661202818"
"48","274_81_28262.4_28263.21.wav","5425.33809573908","-168.19354824571","-463.215147731619","-214.45719204087","-38.4918125993866","-41.4378967980595","-24.3609882753381","312.264085171798","-156.97028365839","163.520308586471","-278.716047324725","-192.438703895999","-56145.3436276199","-55426.7375141946","-49173.0477741412","-36123.1586562849","-19837.133003182","3313.16339829779","1988.67394336146","-355.29163621052","-1726.24388116436","-2239.38771705567","-2613.31508264372","-2750.85709852022","219962.59523214","393775.325773133","502831.591468464","544377.977274526","524650.502109362","448451.351854178","320443.566793205","170340.639937441","39064.9679953374","-44152.8772390159","-28705.5163706322","-13816.582280112"
"49","274_81_28264.33_28265.29.wav","7052.69009773952","-523.84045781782","-703.386383016501","-351.955902877617","25.7869737144912","-59.7246178634079","-207.552087338612","220.44380957548","-504.226994923915","136.182839126618","-299.740620055353","-289.167731433494","-73410.2340150209","-72095.7367164771","-64260.1345802312","-47452.3066712507","-26710.9156921039","4149.03171590859","2299.13976801938","-630.290089138288","-2216.78619718454","-1977.35609371438","-1850.52924298572","-2233.396626063","284285.751491102","511400.972014799","653557.35901601","708286.65280555","683890.018237023","589257.656264539","430272.210266383","238688.097943656","69116.3872116622","-41967.2786697842","-23228.7265772093","-7357.2058821088"
"50","274_81_28309.22_28310.16.wav","5367.6999988273","-321.364017221353","-537.915775822346","-259.82627697119","53.562728301031","308.690038107033","-202.113479409388","-54.4329297343738","-406.04246149907","-125.177208704856","-188.465700802988","-325.80202422378","-55639.4234748485","-53339.1199807065","-48023.02059591","-36546.3855341766","-21054.0556709404","1335.47766379903","519.414157434832","-2061.65175203587","-3464.38391884936","-3234.19531204916","-1349.00540369413","-1383.34102059039","213153.694289667","377458.186726597","481523.523999422","519105.760002081","497499.295614674","424638.546098468","318414.845523593","186644.184828103","65617.0198659605","-13111.5402935872","436.851570212233","12623.7445865801"
"51","274_81_28310.16_28311.55.wav","8657.27833809964","-292.898474841082","-775.592166880886","-207.601059338874","44.2317573132978","276.013631382381","-124.281155745329","231.067403851371","-366.738343058096","-84.2545824748814","-13.8897803640743","-364.248922232037","-88862.7423383628","-86526.8278690857","-77410.8278416022","-58091.8740818869","-32737.9323755612","2769.96105425503","2549.96254838544","-1763.94967963205","-3649.24961458832","-4118.73760339058","-3020.83554230208","-3284.14486323772","342051.588083432","607898.894468588","781233.503437648","845899.75860789","815926.021379576","698860.839472278","513122.833420748","288405.597896109","86156.4481916822","-44130.7221997657","-26332.2129544556","-3579.59032100082"
"52","274_81_28311.55_28312.2.wav","4785.42805799036","159.09609465164","-282.590702961997","-470.098895570708","-254.571176055886","-63.7838860203152","-587.86957518586","-410.228366161568","-273.77117825806","-52.7753348609408","-488.688786380064","-493.155946611982","-50688.9472821117","-50095.918146256","-46750.0198230518","-37320.2590305742","-22149.0130623307","-1034.58448425021","42.733863911438","-458.465535891078","-1686.64065508716","-1814.12012566786","-749.078375514612","-1875.09301059742","162736.685687712","314913.557812923","421745.34053292","475840.644507684","474792.766259443","424232.663501855","332023.046267714","202692.022338521","75634.8755592623","-11011.2073987556","-12359.0675181046","-7479.82737029807"
"53","274_81_28320.91_28321.63.wav","5118.60362685938","129.082961103523","-518.856927801318","-453.454754235285","-324.212445736893","-225.983951448411","-237.985170841418","89.0784966462195","-81.7853634314738","-81.440841199792","-115.422224987339","-325.141824661557","-54751.8812087463","-54488.37584787","-48928.2877862579","-36703.3562569945","-20132.3550378287","1640.41326055475","3529.69716306787","1584.90840845076","-226.584581475944","-1520.17895848442","-2321.70148512581","-3084.0722355191","204534.371744779","371348.399715949","489327.268827871","541245.40454951","529580.778694245","458216.478703675","331731.91316066","177831.630561388","39211.790057694","-50172.328371646","-47740.8881113785","-31138.5428424716"
"54","274_81_28325.41_28326.65.wav","9659.97667406147","133.521079003849","-989.441541421934","-683.871090807853","-440.86918373506","-485.182389590124","-571.674340488221","-172.244481379277","-473.718721572658","-206.560859430201","-316.972426118782","-444.311654011696","-102260.218751818","-102220.287573218","-92381.1651345583","-70712.6722449131","-40417.8551606007","1079.28876791561","4369.04598788123","1985.12669926888","583.929776316701","158.182951932324","-485.68743145073","-1602.88830490269","361810.132298708","671859.26748366","891727.924028741","995431.638679674","989285.220187709","878591.665870072","663103.884208154","390608.31110396","135676.925618337","-36890.1583857357","-40786.4896029243","-25551.8576474665"
"55","274_81_28335.15_28336.35.wav","9717.44481186097","-463.860321123745","-642.833811917099","-546.316909698816","-753.366003793142","-359.433555408876","-622.942838715099","-180.957790289858","-959.692190481239","126.549415383713","-1133.57198519671","-941.380127339033","-103576.390807837","-102607.747982939","-92616.2639239972","-70516.4520207779","-41633.1751161733","2272.20521423336","-178.530326128026","-2085.65422495253","-3211.64729726368","-4977.82262240625","-4586.32158208159","-4930.42038635789","369841.575720407","686304.035621228","887114.957338534","976899.522978832","960689.379747003","837049.79170403","621220.853761411","355951.51449554","113495.391208127","-50130.3791906834","-30932.0026672757","-16784.6782450837"
"56","274_81_28337.16_28338.65.wav","11348.8606922241","-80.864188694757","-681.402394842706","-665.762594428847","-478.680548228824","-444.926009345296","-774.908789831481","-111.525557599878","-1053.29359119821","-234.506658312213","-800.426684629882","-637.711038089196","-118844.285876823","-118717.280188009","-108116.418919571","-82738.2552401501","-49666.7774452988","-917.997635481063","1.84501500786446","-710.578283145119","-1388.49393598231","-1159.05091415905","-601.804708057769","-1501.68737564351","406610.865239437","762177.606490542","1003497.43010226","1123121.42962954","1121900.05895178","1004140.66842048","771560.056194994","470268.744161403","189253.518980988","-7640.88508967634","-8956.48018090764","-5089.17227953189"
"57","274_81_28339.47_28342.54.wav","24650.1530081478","-582.78276556784","-2185.43338006167","-2004.91980556506","-928.28225107579","-1010.77325152816","-1292.51974359727","236.985592851666","-1240.85238196244","161.219360579398","-1948.28563247059","-1637.44022661997","-261183.068028167","-259524.742832009","-233332.477344452","-175079.517759354","-98324.7426582167","9929.32480319856","8069.62707140422","805.560757445928","-6103.93083747102","-7997.71423888674","-9594.79466702009","-11973.9405804072","967103.458849829","1773082.23865665","2300509.83470494","2529628.47039782","2469120.51092542","2145958.28065666","1571514.00086687","868584.516696333","235561.293687239","-176793.630995113","-134229.020448198","-79059.633176649"
"58","274_81_28358.04_28358.94.wav","6965.76605523554","56.0161515404223","-621.453903800572","-506.094733452223","-460.811316497795","-383.120850337802","-472.941360260944","-268.800765952914","-417.054179261057","-253.38858271329","-347.000223945464","-559.0857731713","-74206.0816747639","-74206.221273905","-67216.7560071652","-51972.0209476969","-30085.7327202727","-161.961872160841","2057.76753049561","444.820835029607","-653.698139323918","-1472.80898918623","-1805.19305157507","-2410.71474074612","257162.089735222","479994.973195619","637662.654464038","712614.699745334","708521.766619421","627600.00655862","472614.739566981","277753.683930026","94310.2623239932","-29263.024351869","-30892.4747666984","-19174.5252996604"
"59","274_81_28371.22_28371.89.wav","5247.65801050008","-27.821604820695","-613.178825094816","-392.444904035508","-52.810101653842","-300.36001268161","-147.097417220271","221.679060706331","-141.897571262959","-422.366140633421","-238.271300949897","-203.323207002904","-55119.334478733","-55234.5190938546","-49188.6353039491","-36272.8901746169","-19785.4726233681","969.62623216191","1753.73052095565","-38.7092197040536","-1137.33497315913","-726.908411738482","-1403.71830010761","-1411.25201684875","209620.994068254","373981.01619269","485388.494761407","532753.149367796","520642.675701336","456191.908774984","334065.553152553","188307.680818939","59351.1508448844","-22029.9295306937","-18009.7362351412","-7688.14324660931"
"60","274_81_28379.74_28380.78.wav","7717.09696722923","114.618691236438","-609.324144416269","-686.993012380577","-368.570534783284","-367.753355027466","-826.097162794176","-559.597647635042","-724.57187656147","-54.3268351155916","-496.212849912824","-704.130634580341","-81810.2604461632","-81731.0048659294","-75400.2741945057","-59460.3513324221","-35903.6307711799","-1224.26120036355","1446.5967336448","276.900891868786","-1186.33279956469","-1040.31648081195","-554.654163483049","-2024.33360543482","263575.474124705","511173.690487289","688869.339340105","778629.34764601","780449.259848148","702229.3096787","545578.342714384","333525.960636934","127797.25228083","-17583.8709960496","-23447.4435845925","-15156.6540980224"
"61","274_81_28687.02_28688.46.wav","10834.3356947497","209.105080628134","-621.737903227519","-518.629301744557","-488.701731204859","-168.513826265228","-1489.43854265195","-577.757188948688","-1184.28451143786","-773.23676812293","-1335.68932985011","-1572.5837334312","-112888.422503378","-112142.51395289","-105677.454746934","-83241.895888763","-51820.3534368505","-6735.99980549063","-5420.03702877493","-7661.07237518365","-8435.71888397386","-8006.77310837894","-4893.00580585953","-6979.79217810774","348379.700173327","674317.918976801","899367.566189252","1007984.68654146","1008275.87073032","905830.134402156","714687.360641509","440273.229274618","179339.229629755","-749.161466200852","-256.345664100153","7060.07639419609"
"62","274_81_28699.96_28700.61.wav","5573.08130778007","-577.647633442248","-407.861932318889","-448.222692382575","-131.916918834757","200.848708878625","41.8385387531597","-495.372328776067","-210.039776031068","-81.7048150232853","-492.406349969869","19.7783520159909","-58996.5203283675","-56627.4763158745","-49522.240384982","-39034.6051551794","-21337.1860778407","2656.69392734024","-91.090790573364","-26.4494783991188","-591.252250878181","-42.5272000167264","2018.3307185609","3465.20814337383","231840.686420935","408988.970064173","513492.900580049","559349.966806827","543977.75109372","472395.167506571","361947.242527845","234167.199868399","105837.88482961","23495.8518789608","36320.8247330021","34598.3597814418"
"63","274_81_28704.32_28706.44.wav","14970.5126607304","-229.986817340306","-453.354454131055","-534.94169790793","-1060.66709240292","-816.033010005626","-1367.33403100296","-583.197697380317","-1375.30568513456","434.425091974484","-1073.98843080683","-1302.17318486509","-156689.315796242","-157674.497774482","-145078.338165976","-113007.786531245","-68551.9564894213","-511.384993296197","29.1225901061642","-615.945413211763","-820.130904680021","-2885.71188166608","-3486.61635420349","-6357.8857568681","505830.798304562","988097.837292501","1316348.9758111","1485301.40393009","1497363.71970017","1345294.52667075","1032092.20194539","616197.716231636","221935.536282423","-56697.3942320468","-57321.5379984444","-49396.6430842583"
"64","274_81_29.53_30.13.wav","4481.19674734388","-583.390164350885","-569.839903879102","12.9752604711267","-1.20475288056447","-268.142292888194","-140.600772531256","-182.090778982211","-121.710226682387","110.28249730133","-256.185503002472","-36.9758392658979","-46500.9306756567","-46432.0402865701","-41103.6447758236","-31319.4117710058","-16630.3690306627","3589.55157964163","1391.57988029947","-189.006523085901","611.618830666668","1391.2952173978","872.054990476123","759.355911716842","175890.265482682","325733.937665311","416695.240795272","453441.687755736","447078.71197864","396721.892242145","296740.337650341","175645.869020187","61609.5647265806","-11060.2935480322","-20.2737135029362","2860.08329224028"
"65","274_81_29024.7_29025.3.wav","5874.86422492038","-840.260278735396","-248.622801009214","-103.346860988384","-23.5238216700499","-219.725586112766","-61.7584584987198","-517.747077579243","358.426606798823","-195.623816572466","-425.030670548492","-41.6139619291643","-60490.2839996029","-60153.432581651","-53090.1228422097","-41914.1448956714","-20840.8609091212","3532.65900206544","-516.582979438084","-489.200346020301","57.5531484215852","941.688940395917","862.906050415787","1395.84717432229","229463.28340646","419592.480643375","529501.766952608","579546.882775346","571777.92892227","506997.681089067","382154.585845703","233743.465163106","86726.2641966682","1765.4910929878","16435.609461797","12996.3297508317"
"66","274_81_31320.97_31323.22.wav","17360.2025723217","-874.984689272423","-941.318191734407","-1151.89635089478","-768.84696139606","-536.011087924655","379.645442917595","-319.003965260315","-1425.88005375692","193.796817957591","-419.546862769287","-38.319719628499","-182890.723694227","-181297.721852628","-158145.880227414","-120808.079105507","-70218.5758000042","5635.71761843508","5027.10576036023","5156.29713603543","3329.59924380287","2304.57166779761","1713.19621738182","5202.41205288114","688019.214118279","1241032.34157757","1603084.5802919","1777735.75505435","1757033.1174176","1546010.0465388","1155391.18770431","711477.482267877","290904.490160685","-2731.47657738297","7483.03592386064","15087.7947002839"
"67","274_81_31324.02_31324.62.wav","4712.94303617021","-142.068929016359","-465.774449919745","-385.297712694997","-209.738765728576","-214.098672281533","-86.5927414916","-126.811383290216","-323.195782229076","-175.085292143921","-125.081157072995","-27.0517594007482","-50197.8963915572","-49851.4112233236","-44067.8606234786","-33645.6488131663","-19169.220179149","935.789233608285","1853.78368903055","1528.38035868149","1166.63802393717","1324.44447073072","1277.76437843164","1681.56702720145","186378.004289196","336855.302062747","439870.892032821","489533.188600912","486022.239079786","431777.98093034","327557.087390578","202739.981843364","84284.5076970325","2883.96088041971","1157.67392124277","3275.58144558396"
"68","274_81_31374.87_31375.47.wav","3980.53292560915","-441.608416053407","-241.388564294965","-345.312186905013","-206.845308181015","-173.359253024702","182.857813322757","-92.9997544008768","-668.631332431826","-53.2674852180181","-245.502095391362","105.388539881282","-42593.032594174","-42051.3151308384","-35930.8372234791","-27116.1144747279","-16530.3853580906","1165.96340544301","16.4674307976047","1075.52693537292","1268.19122272176","1702.48917690429","1991.98355880609","3783.8154795392","164547.451507397","290839.957316305","368775.483227014","408337.747131053","405002.108654941","359542.438178663","273653.810775592","181491.601902605","93688.3540703559","27913.8218670264","30306.832643735","24334.5114731204"
"69","274_81_31777.03_31778.15.wav","8347.48186760299","-418.91390960524","-90.5927985247262","-182.300613154367","-683.561783154661","-225.563957839795","-229.538056324176","-282.260556440887","-386.587154986547","169.65734286256","-626.791360726584","-191.559171634641","-87356.0671547663","-86882.9538816865","-77852.6911771015","-60456.2985490561","-34847.4698911494","1720.40578074318","-551.667723021504","766.67053610548","1727.43609519418","191.154362761676","452.859145383491","660.688649378243","310213.560100008","577134.596721974","745890.866393372","833116.089669533","836061.637491177","743778.555133131","567360.636753442","349589.536885588","140287.020331482","-2088.34013152578","2867.5192244019","-2477.27180712892"
"70","274_81_31779.17_31779.77.wav","3802.26819921336","-130.057963439163","-156.62808340333","-138.358627686634","-435.745076015528","-105.165413800058","-103.57951545173","-137.309897516581","-163.911677514571","194.240681099369","-257.79274687266","-94.6172594480491","-40624.0523095014","-40183.924214157","-35830.0189124058","-27705.187424249","-15747.1849593542","1609.60681672431","1104.66158576609","1247.30248811896","1419.27984510004","60.5835921980525","13.6578338059462","-35.8865871965299","148292.258945882","274197.001722945","355848.30444995","396341.456891098","395651.163962551","347482.753867794","260642.645314491","155176.303537972","54539.9868770269","-13975.6182964963","-11418.5629617847","-9740.74037794331"
"71","274_81_31781.61_31782.58.wav","5287.3447866141","-320.924010700133","-122.285454451703","-171.434901627453","28.1912518669624","-55.4526886029326","-416.716315499195","-165.784106482204","-361.740017262095","56.7658320627311","-269.179058989378","-180.063527929444","-53840.482483159","-53475.8401226584","-49213.4547945259","-38243.279528212","-22603.7990119215","358.789705544612","-793.166173217531","-647.212098208556","-689.227185600589","275.517120781443","1030.29650461041","103.368593284577","181357.040487558","346328.572767054","452493.009342798","506193.945908637","506533.551739957","457580.879499246","359354.536992414","224226.272853673","94632.0616586898","4888.60492366336","7250.92417076124","4108.88513630843"
"72","274_81_3438.75_3439.35.wav","5616.85424992636","-415.846497755847","-500.11964077539","-539.160372072124","-217.750087936184","-256.896685347343","163.498987220337","-59.7305232943697","-194.730336870796","-184.522432246795","33.3187452066815","262.442958427915","-60073.1097465314","-59427.8198893812","-51227.1964066866","-38466.1357033448","-20568.489481088","3181.57294646201","3440.87302758803","3746.13900353872","3093.63872380244","3246.58653424581","2723.6083112693","3783.26880735593","241176.519728173","423592.452994521","543790.903892381","601696.435919924","593172.718078451","522094.043008418","388830.208051453","238656.704291657","97278.0388345269","3138.19997798053","3396.91497074026","4350.43450823613"
"73","274_81_35846.48_35847.4.wav","8028.94131572844","-102.940189283463","-361.385288520216","-557.505386877152","-814.892897974646","-1120.08727369027","-599.928118671135","-323.690036772145","-569.546248333266","51.6004280284672","-799.244524491715","-309.238715456214","-86047.2116761384","-88690.837008244","-80104.7971308543","-61784.9354914691","-36095.8673458278","676.275069322087","1362.97103703176","3413.7690799079","4431.82005793536","3914.6668090544","1365.8874990769","607.055405961017","281833.409633712","551214.946887395","736619.781266457","842817.625103853","863626.692097313","791888.114361176","606774.414239408","371498.860624803","147110.762670309","-11223.9854534089","-22400.9442531658","-30075.2035510132"
"74","274_81_35906.96_35908.33.wav","11767.5470756839","176.360465711508","-1002.1230088935","-549.062706844928","-884.872907247176","-1721.50760790342","-1271.07055921971","105.312234270362","-61.1697045297333","-311.033405227553","-381.803912657762","-395.388348539195","-124690.036058438","-129316.368332778","-118651.897728795","-89443.2783159485","-49238.3518168889","1795.83665959309","6669.59053740377","6154.75367703289","7298.4836665506","6609.48829575131","1247.83486296284","-3187.75258577132","414996.954578611","808830.197411393","1095672.58303739","1249095.99462606","1276249.53643733","1168658.57704041","885189.81818645","506736.859361727","158862.852458213","-74242.0476801793","-98226.6046672796","-92858.8030199621"
"75","274_81_35913.24_35914.37.wav","9150.90023636293","88.2142761506198","-383.281387383514","-132.238289700733","-516.149034854995","-819.619982783173","-1260.60377349294","-325.75406248739","-694.964083505979","-927.852012665208","-874.490268385306","-918.940046931889","-94648.6618707679","-96983.687366112","-91112.127805149","-71089.665390308","-43067.388760691","-6130.79952784198","-4215.44086990677","-3872.65509929265","-1738.99518071626","-738.187230680023","-851.943008207782","-3071.29767513567","281740.124517581","559469.795728473","756343.03922818","864154.204809482","889724.003293615","826387.366887841","657010.105255148","411981.478401653","179024.333492351","18160.2040159608","1982.92961826077","-7677.05334246954"
"76","274_81_3825.12_3825.72.wav","3962.11625272085","-340.493214727667","-335.283049451448","-186.827936857584","34.1541213116994","267.491396613066","-381.284723094612","124.337930882357","-360.998670621847","-200.58985347747","-252.970556469824","-24.682557515278","-41056.089166165","-39157.6734999877","-36159.7374565334","-26795.9098213557","-15535.6502703564","689.359472563153","-645.494827530962","-1128.66896368365","-1180.16802880319","-288.90218241862","1827.88671929976","992.9689766081","156553.412703103","276959.821641588","350281.36474097","381259.616957106","372104.452710283","326638.430711637","258364.455667003","160754.929649588","72811.8353749192","13381.1600572834","18546.9142072808","16734.7873527626"
"77","274_81_3841.99_3842.6.wav","3652.43121236267","-200.65785345658","-472.952705719978","-185.094238240767","40.798173970064","-42.1003647494693","-429.452433414273","-178.900983410181","-279.290663113721","-365.34988382616","-219.297202882736","-114.084094101522","-38062.9654073653","-37413.4602429159","-34618.8317760136","-26740.113863318","-15431.6224736637","-535.646091382718","-303.123218235488","-992.582821854248","-601.618699695407","847.797339378342","2037.60295292601","1362.63195250172","132031.698794101","244093.142784481","319557.358951468","354503.89451485","353943.903981356","321720.230896487","258592.543341312","167287.05092311","79393.6843398704","19940.0288890827","18172.0009235344","15668.3092798377"
"78","274_81_62_62.77.wav","6623.91527531929","-857.533292899137","-372.704328122201","-700.919552607","-484.688842710664","71.2300966715071","415.717106781755","-258.594058344394","-105.426164620051","-58.9886928437866","-464.864492817817","268.776783648795","-71883.6087310001","-69182.8423279751","-58551.4427058613","-44409.0895757145","-22771.5555370067","5781.06982874547","1985.85312167251","3156.67754426933","2044.94473267116","1044.66913429888","2070.522606478","4621.26444223107","308236.868695133","526276.078156673","651469.742230175","707477.242141391","683997.524530946","582588.15106334","425857.745634277","261233.940724342","104149.194317048","6221.76408534825","23664.6407031714","23291.2391721441"
"79","274_81_66.92_67.52.wav","3975.24338235915","-150.094978423365","-91.6584225663134","-287.832657620181","-252.39462277722","20.7211343412203","-233.297081767053","-7.44905517049307","-156.304584671759","-214.366484720767","-267.675733371698","-224.881683778904","-41958.9221111169","-41094.056892365","-37290.7422900282","-28375.4951171789","-16072.9776248051","128.84023440359","-319.660837824083","-187.222177447003","-902.431431126667","-1503.40148443281","-766.305691145058","-1053.69816027855","154495.283787991","277843.916649982","357310.782877542","395668.142473318","389392.965120705","339657.416874878","256739.057269277","151359.949597606","54320.033660432","-8529.09177177353","-5388.40737246208","-3307.68993960688"
"80","274_81_69.85_70.45.wav","4407.13831675652","-316.346269279909","-233.298715199005","-277.302459483172","-631.932388208704","-301.616324008593","-109.721209604148","-98.7001254497279","-305.839713319102","-90.2237104037497","-244.245171797265","-424.416098946679","-48213.9637985275","-47961.549262391","-42232.7996278717","-31943.1061303741","-17976.1325421477","1566.28308781578","1372.5519691833","801.273814875025","201.094322893592","-2025.121173252","-2807.27263765906","-2507.1487551058","181978.640907427","328357.360821475","424180.909374649","468132.82954288","460668.794129782","395884.838610681","283045.507289359","154896.143046114","38469.5954175909","-37558.041645068","-31342.5843449515","-22022.3507950759"
"81","274_81_92.72_93.48.wav","5441.68348769329","-405.761099818647","-239.024689327322","-617.451547956198","-382.32949397782","-49.0841823052665","-88.1713043060376","-216.874027267633","-457.481852788517","-102.688448587211","-607.391505425058","-455.170044597828","-58682.3179751861","-57234.0878733272","-50451.4385894728","-38653.7454054654","-22159.9260085807","1652.23234559107","-247.272528867739","-502.579101954601","-2433.87461291533","-3351.84135734255","-2530.74099278698","-1498.99037594271","224085.274448869","399193.401708079","506368.959148678","554088.24485061","535902.609635468","457796.664080346","334885.793874897","195311.825675557","65773.8751827242","-18449.733355208","-4273.48575491916","3556.46019460933"
"82","274_81_97.25_97.85.wav","3716.41900070554","-444.268967563276","-113.777239574093","-141.554848469024","-65.4526173913902","-76.2482837943592","2.03997469752519","365.557756553058","-38.6267400753873","-105.717240802891","-7.34687942353658","-12.785308430897","-38522.4884687395","-38062.4279309192","-33496.5470746314","-23762.2160649134","-12293.7617975568","2661.37620767073","1028.69205858005","589.790745266096","-88.99054366571","-516.030217247476","-1049.71553180458","-1255.42252926572","159707.667222246","277968.124920949","348513.98134688","377753.051992235","365164.718267858","312434.72792408","221863.840759683","116286.817487765","27140.3247190721","-27170.6902484856","-17744.3544581968","-12564.6406764249"
